program,instruction,signature,err,slot,blocktime,fee,auth1,withdrawer,auth3,source,destination,misc1,misc2,misc3,uiamount
stake,withdraw,eYB4UjWtsb35MregihN7D3A6Q22KPCJss2izvxy6TfADeksdMATeN8jVV8gkYEnpNx7i3n8e7dBH15sJvkjfbqj,null,159841409,1667849066,0.00001,,8g3YB8KxpWEAAvcjom5vSqxJAZczZBgB4pEgsssts86K,,4enbZXbPR7UD6qeEDhpzRwGCrU6ci4Uvo85uEFd6mgNo,3HDLCsoyLPA8PWcH4D3Vn38ge3RX9KAE2D6qTdAwBeRw,,,,17145.152360661
stake,withdraw,59MAFsFrxD25nTE4Da6BnGQhNqhNefZUhW2BzhU12uyxiFMRohJ2EGCq76pUnqKvP4h3m3wGEQjmwRXRQC27cFL6,null,159841380,1667849050,0.00001,,8g3YB8KxpWEAAvcjom5vSqxJAZczZBgB4pEgsssts86K,,H6VYxS1RfcRFX5rVmkyFmnWUxoQrAXo7HfopXNEC2gc5,3HDLCsoyLPA8PWcH4D3Vn38ge3RX9KAE2D6qTdAwBeRw,,,,16408.581647384
stake,withdraw,2HEdDhZGyD1rT9Djdv3bN5RgDBfuMuWvbGmkVH3BEyqenXKQbCtEwgSKULYamyr8xYDfVomqR2EJgvJvBmS96q2k,null,159840982,1667848854,0.00001,,8g3YB8KxpWEAAvcjom5vSqxJAZczZBgB4pEgsssts86K,,HFGvk6yichXpdkv2jJEVCDSpmVy2wB4QB3LYw9meVga7,3HDLCsoyLPA8PWcH4D3Vn38ge3RX9KAE2D6qTdAwBeRw,,,,19002.342133183
stake,withdraw,2h3HfsxzisG6aCMEmw42q1n4vSWMMZUFmhprDgdBz1mJbjXjgjF2tbViyv9Ct1goYqCKE51odbG3HVxDsJwHaPX3,null,159840948,1667848839,0.00001,,8g3YB8KxpWEAAvcjom5vSqxJAZczZBgB4pEgsssts86K,,5EPJcj4MuNCAgbJqSfpQ2DtaXKTeRGUri493Y78WcssZ,3HDLCsoyLPA8PWcH4D3Vn38ge3RX9KAE2D6qTdAwBeRw,,,,19755.389555537
stake,withdraw,4CJ9uwTVZp1D5AFCAZ6JVNLPk37wb4uo8Cvkv8Buiug6wCYyXA3m9zSBkNcSHpiveRhhPUWxhDXUUQDkkSKKUWxj,null,159840936,1667848833,0.00001,,8g3YB8KxpWEAAvcjom5vSqxJAZczZBgB4pEgsssts86K,,D5sfXV6BMBx3rah644iDeqx6eAU49SvxEB97trDvge3h,3HDLCsoyLPA8PWcH4D3Vn38ge3RX9KAE2D6qTdAwBeRw,,,,21595.273126827
stake,withdraw,5dECCUUxSFHDtg7nVEpoQGa5jZqWjehpE9hsAw5K7g7FtEw3piYEwzTeANXYzo8QkxLaowUtGpR4JxEGMzDVWfam,null,159840925,1667848828,0.00001,,8g3YB8KxpWEAAvcjom5vSqxJAZczZBgB4pEgsssts86K,,BCn5uvzZuAj4FVG2UfUDkP4HSmshe3hN5MekgbUWAK7H,3HDLCsoyLPA8PWcH4D3Vn38ge3RX9KAE2D6qTdAwBeRw,,,,22144.84078324
stake,withdraw,122JvDujgP3FptK7CUcgY1KazwQzJ3gY1UmdREdd8aHBKaPkFGFgFJc6AXrq2mCgCPwCjENq3MTJN5Th39pDrFrr,null,159840892,1667848807,0.00001,,8g3YB8KxpWEAAvcjom5vSqxJAZczZBgB4pEgsssts86K,,DAGwMrJKVfLD5wvNf3nU4LSFBcT3Kd78TBTG8fi4xJYu,3HDLCsoyLPA8PWcH4D3Vn38ge3RX9KAE2D6qTdAwBeRw,,,,20426.900902315
stake,withdraw,3brBhJTzzYDjUjYstJpESmjuGkyGndC4BPu443trzTCi9wzHJQ8NdHi5t9kJZvBiimUAVj7sePebk9txd85fYdj1,null,159840976,1667848851,0.00001,,8g3YB8KxpWEAAvcjom5vSqxJAZczZBgB4pEgsssts86K,,6TJSJvsH4ncoi5rmo41MBw8xoaw8CRt3fR2twMdoJm8G,3HDLCsoyLPA8PWcH4D3Vn38ge3RX9KAE2D6qTdAwBeRw,,,,20371.013585362
stake,withdraw,2Jib2UbcwDVFDjcj4AoeQY1mzDgh73pCtDaxS6f2MDUEiz2mDtVUjyYWs8PX1orYmh2XKkrWcDtNRbuXCM9j8K27,null,159840900,1667848814,0.00001,,8g3YB8KxpWEAAvcjom5vSqxJAZczZBgB4pEgsssts86K,,CfDnmbYgRByn84C2pb82vDvK3PHmVHWLuHzqqjgc7Ab7,3HDLCsoyLPA8PWcH4D3Vn38ge3RX9KAE2D6qTdAwBeRw,,,,17824.189029939
stake,withdraw,4H2k2nNBaFpsfL1mhB7wixippjD8sYHdt91M18BEDm349qCHwPV4kUH9PtZ99nWJTuBQgdTkAja3HA4WquavYou2,null,159840836,1667848774,0.00001,,8g3YB8KxpWEAAvcjom5vSqxJAZczZBgB4pEgsssts86K,,5VJtEcmVau85m6nsSZSaKASxjNZw4HT5Rfn7D2wcCuEF,3HDLCsoyLPA8PWcH4D3Vn38ge3RX9KAE2D6qTdAwBeRw,,,,17755.037383123
stake,withdraw,5s5tJLofsbX6sEBxukt7BqwRT1kJsWKmGJfAgFB9rS8iExhtbNgUBPUguyRh5z2ZaPd2yHHdfhXtF5ytUMoXnBVc,null,159840852,1667848785,0.00001,,8g3YB8KxpWEAAvcjom5vSqxJAZczZBgB4pEgsssts86K,,67YnrdRQcR73jpxitEdeEEoBcBBFBMf9Dbz8SBFEJmYB,3HDLCsoyLPA8PWcH4D3Vn38ge3RX9KAE2D6qTdAwBeRw,,,,18653.400432594
stake,withdraw,h5nsAWC9Jw91p36UPHrTptvm5HetkE3yZZNivdnvD7GNoEqPBJE4RBXgvjAcoXsNDm2rcQFTv2WpmYQddq55oas,null,159840860,1667848789,0.00001,,8g3YB8KxpWEAAvcjom5vSqxJAZczZBgB4pEgsssts86K,,iLPJ6jCP9L3CdXqhEdJep48AghdpbFd97FyLzx5s6cw,3HDLCsoyLPA8PWcH4D3Vn38ge3RX9KAE2D6qTdAwBeRw,,,,19968.415758782
stake,withdraw,3xpMgXEGtMaB8js8xUUvXg9tnJKoHWFphe8he9ywza6QepeMkYi7kDwcapn18eDZwEgTNL3TYS2eVtEb6MTjY2S3,null,159840821,1667848765,0.00001,,8g3YB8KxpWEAAvcjom5vSqxJAZczZBgB4pEgsssts86K,,BfZ9dU4iL9XL31BrdxGwA9rFEtYhaEPcJsEsoDzMtSA9,3HDLCsoyLPA8PWcH4D3Vn38ge3RX9KAE2D6qTdAwBeRw,,,,19109.445001844
stake,withdraw,4eWy8HdqZ2vEVv8Kt3wk1TSyS7UUdRWu5g63P7zTkmZsjNv8UZSLifSi7kR1YVpjxAygTpH1qMjUrYqZZNmp9LGD,null,159840795,1667848751,0.00001,,8g3YB8KxpWEAAvcjom5vSqxJAZczZBgB4pEgsssts86K,,hEp2R2CekyydZhBN11qD9RAxyjGoPgWkUAC9nQS9Y2X,3HDLCsoyLPA8PWcH4D3Vn38ge3RX9KAE2D6qTdAwBeRw,,,,19063.10347137
stake,withdraw,5Jor9k6ELXcsa1frLdk1NfG4KQmCDbniXsWbUXcGFfEjZgPmBsX7cWKZVAa97Zk5Jtn7p9Bos4kTWF1GGT6hTnTT,null,159840720,1667848715,0.00001,,8g3YB8KxpWEAAvcjom5vSqxJAZczZBgB4pEgsssts86K,,CKQWDVqUGE6tLaGw3s1v511uCVsqrDjKwH6YL38mAJPx,3HDLCsoyLPA8PWcH4D3Vn38ge3RX9KAE2D6qTdAwBeRw,,,,19024.291928645
stake,withdraw,2z664657u5b4tsEvFvqmJWRWwU7tNWE1dCdiEELdhf7tm2B5MuRRYAKLoEzL5rr637tmGAnDGpHMjadhKuAsS225,null,159840788,1667848746,0.00001,,8g3YB8KxpWEAAvcjom5vSqxJAZczZBgB4pEgsssts86K,,6LtEG5Dj412dXGNUGss2WR2EQotvbKCdVLDjJjg1gwXK,3HDLCsoyLPA8PWcH4D3Vn38ge3RX9KAE2D6qTdAwBeRw,,,,19650.342582229
stake,withdraw,s3k3tBERductDThVmVcaP6nf12JMyaius8psfSs9ruqSXjpVMkrM4VP9NtJQnBZaCwkXDCfXCbadV4ZDUBRGmgi,null,159840753,1667848731,0.00001,,8g3YB8KxpWEAAvcjom5vSqxJAZczZBgB4pEgsssts86K,,HvDccnWqDNNWqw8yfmUjH7DQezsmAdbLK96LhmfkqdDT,3HDLCsoyLPA8PWcH4D3Vn38ge3RX9KAE2D6qTdAwBeRw,,,,19106.523960044
stake,withdraw,38PqaSY7YWKxQ8BNdTVswJLbtw4G7k8TXGkyQ7XYxLVqqexsTaTK6vLEfgLM7yKDAJZ7tEpQWS72zrrmTb2QVfb8,null,159840698,1667848706,0.00001,,8g3YB8KxpWEAAvcjom5vSqxJAZczZBgB4pEgsssts86K,,BTx6woXPoDRThSXYER9ic8Fvd7eeUVB92Y7JeCaRp76s,3HDLCsoyLPA8PWcH4D3Vn38ge3RX9KAE2D6qTdAwBeRw,,,,18839.180323625
stake,withdraw,4ZVnB8kZTaodf8KTy16YQFX3inkZDHS1zyQHFaHeJH3BVfpPRqpec6JXEfg4WdcpCvjkbaw9684mkCvKqe7a9MNd,null,159840742,1667848727,0.00001,,8g3YB8KxpWEAAvcjom5vSqxJAZczZBgB4pEgsssts86K,,4GiuBG7RhJG46LjAQ2jWHKPT7TLu2gAv4xhoKWn3Xpx6,3HDLCsoyLPA8PWcH4D3Vn38ge3RX9KAE2D6qTdAwBeRw,,,,19241.786530731
stake,withdraw,2B2oS8EMHZMzx2Vc6YAwQBj7upWQn9JCXf59gBQwbKfPoo27WbNBHpvWH9yj8AmQzBMiEWiW1KVheTLXNsk7oe73,null,159840420,1667848572,0.00001,,e6keeZrGmHMiQaFM3TAYvFz8HE3qtTFUSHsyqq5FEw7,,68mXXbdyofGLKvXSZStX3JKygJKUm4BTnxy3pyv2zVyA,3HDLCsoyLPA8PWcH4D3Vn38ge3RX9KAE2D6qTdAwBeRw,,,,166297.126141892
stake,withdraw,3Taz2qhBjETPAYpsgdPX36EhcMNYQKePssD2BmHaLfVU1pbZQXXii7ctTRqAdJV4i1ANjUyLPpfXY1rECVzEEhGD,null,159840826,1667848767,0.00001,,8g3YB8KxpWEAAvcjom5vSqxJAZczZBgB4pEgsssts86K,,4LrStFhpKMyDBoByJ8Lg17vbLTQqNemgm61sDk4yp5gr,3HDLCsoyLPA8PWcH4D3Vn38ge3RX9KAE2D6qTdAwBeRw,,,,16607.527381009
stake,withdraw,X2NQeFGzT2wLUJD9PF8cxC1bnweCNrbUNw5QPh9LcCXrTxcsaWriJ4fZMpyBDUH8awfGTQpfy4MVwUxMyjsfPxh,null,159840668,1667848693,0.00001,,8g3YB8KxpWEAAvcjom5vSqxJAZczZBgB4pEgsssts86K,,4ZdKBgXAmwvAvAUpxkkCHn7ZQczVfHHCkJSK2FvKuGNE,3HDLCsoyLPA8PWcH4D3Vn38ge3RX9KAE2D6qTdAwBeRw,,,,24451.568561915
stake,withdraw,5o7hf7q9vQMbpSRYtELhtFZBazzrnGq2J6fqwPhGvr8FNasHnN6LGPs6gRMwwpymeX7bQbgy3qcj4g2csRhLGHdK,null,159840660,1667848686,0.00001,,8g3YB8KxpWEAAvcjom5vSqxJAZczZBgB4pEgsssts86K,,DtrYsygRfKcKpmaiwMhNV7bgff8ucYw4qNR2X16nbU6Z,3HDLCsoyLPA8PWcH4D3Vn38ge3RX9KAE2D6qTdAwBeRw,,,,19587.122827768
stake,withdraw,5AP3dRqJDPE4Sb9mRqhM7KsaCSP1ZhBuFWGSeYE28neBhpAnju7oHvGT4cNJKnbC9b4FZFD4N2VCbjZaeYrCxLha,null,159840413,1667848568,0.00001,,e6keeZrGmHMiQaFM3TAYvFz8HE3qtTFUSHsyqq5FEw7,,4HKHSPMYDTdCC6KbR5qa7KvXNB95JwQhSj7ZRpvXD1Ny,3HDLCsoyLPA8PWcH4D3Vn38ge3RX9KAE2D6qTdAwBeRw,,,,166339.639112937
stake,withdraw,2huXmDAb7u9yHDLYjWQWia7tcQnbcyEMexjqVbo568iUob1vTBWM3Hq17feLhVahr5ApoiimpxT5u7de67t9x8Ei,null,159840291,1667848514,0.00001,,e6keeZrGmHMiQaFM3TAYvFz8HE3qtTFUSHsyqq5FEw7,,F2nUEyeQ4kSHRHH2EM8Z4jPgDYXhZnsKw1vNZcA9u8xX,3HDLCsoyLPA8PWcH4D3Vn38ge3RX9KAE2D6qTdAwBeRw,,,,166479.815756332
stake,withdraw,4KCsYYjEUEoFvRcFT4Jkg4Tdx8CBnKorKW8JqPrtvVfiMxccSTNKEnMe1e3bbYq4YxRMRBypVXmaERCULmjES22v,null,159840339,1667848535,0.00001,,e6keeZrGmHMiQaFM3TAYvFz8HE3qtTFUSHsyqq5FEw7,,C6oXpjiwJgKgoYsPk265qkpeznLNwd8Ho49HxuVZb9i8,3HDLCsoyLPA8PWcH4D3Vn38ge3RX9KAE2D6qTdAwBeRw,,,,166471.779421152
stake,withdraw,9VB5aLVJfTpayp6S4GvWJMozt6RWVRtGE4qJjF3MvFxQc3tYwd1aFS1fX44yNUtqYKSoCNtFTSg5EaFFsTMyboN,null,159840595,1667848651,0.00001,,8g3YB8KxpWEAAvcjom5vSqxJAZczZBgB4pEgsssts86K,,Gb5GKNWpmbBDiLp4LAZ5kKCtv5yCQvLMydrihGQWGaH2,3HDLCsoyLPA8PWcH4D3Vn38ge3RX9KAE2D6qTdAwBeRw,,,,876420.652805432
stake,withdraw,2oyX6zpHAHsNhvkoXr3kDb3n9NcB1caBfVWfCL1NM6jd8PP64dkLr5kHdWfkC8gstZ8ZdovLNbctEbXz45zazDKk,null,159840370,1667848548,0.00001,,e6keeZrGmHMiQaFM3TAYvFz8HE3qtTFUSHsyqq5FEw7,,CoqCEzUA7KpCUxkV8ihGn9oru6imf6oVnjYKpa6jY5TC,3HDLCsoyLPA8PWcH4D3Vn38ge3RX9KAE2D6qTdAwBeRw,,,,0.010103654
stake,withdraw,5wAgqS1WFnWNd6JH66FAiVGEjKkuyRYmm67LveXibjH5hfp8S9HEi1szwmwgjQxFWLEJjzkZsXEsxQFGnodMqX81,null,159840300,1667848517,0.00001,,e6keeZrGmHMiQaFM3TAYvFz8HE3qtTFUSHsyqq5FEw7,,5siKb1e3yJVtdcpu3f4bJL44PMvGUkSc3UWhToCJUNoF,3HDLCsoyLPA8PWcH4D3Vn38ge3RX9KAE2D6qTdAwBeRw,,,,0.010089816
stake,withdraw,2SEYdTmyU75k4dicJ267ozVQct1cNMKqM4sR1dDXhwWShfgN13Wa71Xu8tV1Ps9jBHd4RUZFNNeRxcJ6BBLfdcD5,null,159840333,1667848532,0.00001,,e6keeZrGmHMiQaFM3TAYvFz8HE3qtTFUSHsyqq5FEw7,,9bWxjUF5HRQyoDDwq2bTM9aS847YLAGR8eYwzDfMduuD,3HDLCsoyLPA8PWcH4D3Vn38ge3RX9KAE2D6qTdAwBeRw,,,,166306.947543963
stake,withdraw,5yfkRLifhpcspLHhxLBFAENHAjqKNWMxLVh7APvYRpBqvUnZUvrdxwHELfGpWpuRZW4qizFt69xCgcneCATyM5Hu,null,159840380,1667848553,0.00001,,e6keeZrGmHMiQaFM3TAYvFz8HE3qtTFUSHsyqq5FEw7,,5B9xMv1zmMbKABXTtm9yi8wd9An91mXudupx7AA365f2,3HDLCsoyLPA8PWcH4D3Vn38ge3RX9KAE2D6qTdAwBeRw,,,,166339.639112937
stake,withdraw,5renG1aSJZp8MyRji7odWWYEkT14e63m44NZjtHommRyDuGdzcoUi53zMLS6A5wfQJ2unewDyBsRB6V824PtWcnq,null,159840259,1667848495,0.00001,,e6keeZrGmHMiQaFM3TAYvFz8HE3qtTFUSHsyqq5FEw7,,6n68Dq5nAH5L8NBkEECKJu1wrzGvHnoXoUG6zhbERTdx,3HDLCsoyLPA8PWcH4D3Vn38ge3RX9KAE2D6qTdAwBeRw,,,,0.506644549
stake,withdraw,5YuudAK9cztgL9LSz7NVUzQK7smLoaUC42x4khB1C9ncq8JPrBH53sA9uGE5zdC1aEnVpvn5fzbvfSkbi7gAtQkm,null,159840306,1667848520,0.00001,,e6keeZrGmHMiQaFM3TAYvFz8HE3qtTFUSHsyqq5FEw7,,5rcDxhjSsdLdM6esmhfki8AaUbQqQSCUAhDSzv3NGmcj,3HDLCsoyLPA8PWcH4D3Vn38ge3RX9KAE2D6qTdAwBeRw,,,,166297.126141892
stake,withdraw,4EmqYTJue47nnpYfAGPs9bbCEL4rmUd1NhHhec3LGss26fQ5SRjb9YuE8a6WAUKJgduUvCVqDxPvDXyfZ6cq34cy,null,159840386,1667848556,0.00001,,e6keeZrGmHMiQaFM3TAYvFz8HE3qtTFUSHsyqq5FEw7,,4712FcZNfsy3HftXX5MEuLaeRYYWiJw3HmHoJ3mMwWaG,3HDLCsoyLPA8PWcH4D3Vn38ge3RX9KAE2D6qTdAwBeRw,,,,166339.639112937
stake,withdraw,2L2duw4fstBo4DnetAMXTy1QqabJgMM9RRfSsH2urZk1q5z312G5RAXsTZtZXJZVsosRJ4cHkL9uumTXcZjy5MZP,null,159840268,1667848502,0.00001,,e6keeZrGmHMiQaFM3TAYvFz8HE3qtTFUSHsyqq5FEw7,,HkrrErEcz148fAUT9Zuj4nAA3vceaWauFpJKjGuNBz19,3HDLCsoyLPA8PWcH4D3Vn38ge3RX9KAE2D6qTdAwBeRw,,,,166339.639112937
stake,withdraw,3ZPjkjLGPpZqtw6BNefiii26nXaEACPtG3CvcZvpew2VAVMQoQwaBC7gDzSsV2iQsc8aiefKDEDyU5qeq7KR364V,null,154659994,1665414850,0.00001,,8g3YB8KxpWEAAvcjom5vSqxJAZczZBgB4pEgsssts86K,,9PSQHXTQV4AWfb6vFL5Vo5DDbCRKxYFsRumzFqupp9kg,3HDLCsoyLPA8PWcH4D3Vn38ge3RX9KAE2D6qTdAwBeRw,,,,0.01
stake,withdraw,2PqinmZAPhwSxiwe89fESHbw23EKSGyBpZ7iqP3sWZJJ1U5gmsbsdTPydCV2Q3yQ3LS6F6N9mZR1kC2rc7jtnX6q,null,154657785,1665413615,0.00001,,8g3YB8KxpWEAAvcjom5vSqxJAZczZBgB4pEgsssts86K,,4gpsy1BjaWgmeAXqDfoD24Zjumhq3dRHB8BZe4A8uYhv,3HDLCsoyLPA8PWcH4D3Vn38ge3RX9KAE2D6qTdAwBeRw,,,,17820.311061105
stake,withdraw,4xV1i7Bk6yunPutQYmMMRGxkjrwdY6Bt3YJxmJzYaFdmVNSKEc4Bcg4CD5WKwpK5hPjVL73mcGHj2Km3WYBZZocW,null,154657781,1665413613,0.00001,,8g3YB8KxpWEAAvcjom5vSqxJAZczZBgB4pEgsssts86K,,HkbTwAc4t1KuZC1iiHgcWPrKy6TGUb863wVnmQKq1Eic,3HDLCsoyLPA8PWcH4D3Vn38ge3RX9KAE2D6qTdAwBeRw,,,,17276.655589087
stake,withdraw,5L7H3RBbusL6BwnhhL7oLPRZNgz7ezB5ce8GB4XmT67La5j3JQur2h6vgcbwT7M6To5Cr5NF4DKJvjyGaxRnaMJX,null,154657756,1665413600,0.00001,,8g3YB8KxpWEAAvcjom5vSqxJAZczZBgB4pEgsssts86K,,9QdMwqaQ9DXGXTXT1DRyspbqeKFdDGJSL6zwEqwqmTwQ,3HDLCsoyLPA8PWcH4D3Vn38ge3RX9KAE2D6qTdAwBeRw,,,,16352.789631521
stake,withdraw,m1VFX5t1y2J3xFKbroTMubxUbAshLK7CBa35SGMHGKEz6qEuYYMnDqqNgrtwsXs3WiAPLWvJT76MxEZtSMJPnDz,null,154659866,1665414781,0.00001,,8g3YB8KxpWEAAvcjom5vSqxJAZczZBgB4pEgsssts86K,,9PSQHXTQV4AWfb6vFL5Vo5DDbCRKxYFsRumzFqupp9kg,3HDLCsoyLPA8PWcH4D3Vn38ge3RX9KAE2D6qTdAwBeRw,,,,17489.706948666
stake,withdraw,5MsgNjJTwkXYfLJCzSCPnGsRSDepme8d441qEwRKiQsbWkVdrRtzkygL34htxE9KDEyq6UeBPJLdAM17AfSzw17E,null,154657731,1665413583,0.00001,,8g3YB8KxpWEAAvcjom5vSqxJAZczZBgB4pEgsssts86K,,9wFdkiLwkCUxc45NFjtB9C49rJb5DHxcSsYLRL8NHJe5,3HDLCsoyLPA8PWcH4D3Vn38ge3RX9KAE2D6qTdAwBeRw,,,,19333.24359505
stake,withdraw,uhABkS8VnWwifukPagNu4uTNsQba3vFLmmsPzSQysxUkjpGDi1Z2gTwJzX6fauyP81ovKwKEC7tgDTMPsyFbrLi,null,154657705,1665413567,0.00001,,8g3YB8KxpWEAAvcjom5vSqxJAZczZBgB4pEgsssts86K,,2UQMkbFQuCBYpMATfznHwdsaywoheYVg4W6rxgTR9SNX,3HDLCsoyLPA8PWcH4D3Vn38ge3RX9KAE2D6qTdAwBeRw,,,,14340.728018184
stake,withdraw,2xdtEwvUQr2SA2NmcXTm4tpUasjcdX7rQYcshr3R74CzoHCuCmbFCsmGyQbm6usUsN5ZPguVx8DMFa7VMH72JVf6,null,154657713,1665413572,0.00001,,8g3YB8KxpWEAAvcjom5vSqxJAZczZBgB4pEgsssts86K,,4NjZFABqxtmuJAj1Hib4V8YrV3JkbcSHEC6Gjeef6ZuL,3HDLCsoyLPA8PWcH4D3Vn38ge3RX9KAE2D6qTdAwBeRw,,,,14975.819083155
stake,withdraw,4LAAFiPZXVGSgncjF6fZXfzxW2zAinRom4NXh3jC2JooQnTQLc8YbN5j7jR5SZ9B8v81681cjcz35Wh85e99iM1K,null,154657680,1665413555,0.00001,,8g3YB8KxpWEAAvcjom5vSqxJAZczZBgB4pEgsssts86K,,Gbd47kLjUrYpFnVnys8zB9uc8Qhc6ENQP5Metad2Aity,3HDLCsoyLPA8PWcH4D3Vn38ge3RX9KAE2D6qTdAwBeRw,,,,17873.076961379
stake,withdraw,23psexnxmPUrAJa4is5NcFn4B4Hqr3TqVnHA7Ee579xRuwijVmT5pJazyPViyV6oR8o1NJD2NUHRnESdrxMB1MNT,null,154657709,1665413570,0.00001,,8g3YB8KxpWEAAvcjom5vSqxJAZczZBgB4pEgsssts86K,,AMQHS4aPQq15F6P8WuwUYakvPbtUZJj5VZmQdfpGbhvX,3HDLCsoyLPA8PWcH4D3Vn38ge3RX9KAE2D6qTdAwBeRw,,,,15579.097143879
stake,withdraw,yhDsEbVzpx1o9K5mC3r3eWATTvZJRZrejMnWMPKie5W6gBeEkPqMJ9TBaurUGP7GHHWzPM25EcBJn4kN8oqStNz,null,154657751,1665413597,0.00001,,8g3YB8KxpWEAAvcjom5vSqxJAZczZBgB4pEgsssts86K,,5UPAf5Yd78fg9u5wVamXV7WTS7uA7DdWgKadEcwxH4v,3HDLCsoyLPA8PWcH4D3Vn38ge3RX9KAE2D6qTdAwBeRw,,,,18844.522628323
stake,withdraw,48YHtcYuXGh2vUiPp2drksw5uFwZaqcAZKBrSUSMCScKZ7ienqJFRwQpcc7RvGm6BSBiri82ekLnPPPtDZq8xSRK,null,154657653,1665413541,0.00001,,8g3YB8KxpWEAAvcjom5vSqxJAZczZBgB4pEgsssts86K,,FQDveBgc9ed6MsfJksD5H6H6E3JuYLMua7htb6f7xSsZ,3HDLCsoyLPA8PWcH4D3Vn38ge3RX9KAE2D6qTdAwBeRw,,,,16246.96510514
stake,withdraw,2nVjLqVELKuFiwa1xKN7xZ8j4hPLMeZi4ShwpipwZZXBwR9rRtVd6vUqozTiD4xT1mw4PHVxjr27AURAxZgUeDNy,null,154657625,1665413525,0.00001,,8g3YB8KxpWEAAvcjom5vSqxJAZczZBgB4pEgsssts86K,,GAks9zgpTHvNuL2EqH5GAnm4PBEunrnjjdMTrU526fgT,3HDLCsoyLPA8PWcH4D3Vn38ge3RX9KAE2D6qTdAwBeRw,,,,15534.518394093
stake,withdraw,5Xxjp51DhDeqxLBsKcxfAfmLU5qmuFdMLr5hVA6B98zrBcbGzaWa91Wn1JGYFA1dYo7tXkniqn91mpnnypELcKqR,null,154657601,1665413510,0.00001,,8g3YB8KxpWEAAvcjom5vSqxJAZczZBgB4pEgsssts86K,,HjcMpq92b7KnxymBFj6AkxN7cUSz34rXppMHN4tXXhE8,3HDLCsoyLPA8PWcH4D3Vn38ge3RX9KAE2D6qTdAwBeRw,,,,16822.892483713
stake,withdraw,4XtULXdSMJj3HtesxnEp46K2Qz5zdLu5EmuP8kxdJDHRW1YVVqrksmkiStwzM6HsWRNeqLWsBGR5vo5HbSkV9PND,null,154657572,1665413494,0.00001,,8g3YB8KxpWEAAvcjom5vSqxJAZczZBgB4pEgsssts86K,,7HXL2EDdh2WxTAjcKtz69x4MszuhSBdLqwCuaPg1BDMQ,3HDLCsoyLPA8PWcH4D3Vn38ge3RX9KAE2D6qTdAwBeRw,,,,16673.944521169
stake,withdraw,26bZGz1HzubmBq76FfN9j3hmhZnRQnz2gRh5zLQP7ZdHd13BDgp7TjD263R4b8thMQM8qPJQpZAjq5J78dFmx26c,null,154657647,1665413539,0.00001,,8g3YB8KxpWEAAvcjom5vSqxJAZczZBgB4pEgsssts86K,,EmLqrGTLDwJsHVrPHV9nt2oBYXs7uYS8Wze3Umh6oXu6,3HDLCsoyLPA8PWcH4D3Vn38ge3RX9KAE2D6qTdAwBeRw,,,,14525.394512038
stake,withdraw,5w1Egh9UqLN21ZmboQzRPxgvnLQXiRpurZoGPhcVoJhujgnBkfMaXggrMRyeyeL7GQzejMSK5AAVj2JrRLZrFsTN,null,154657596,1665413507,0.00001,,8g3YB8KxpWEAAvcjom5vSqxJAZczZBgB4pEgsssts86K,,HZMLHHwBw7z7FxLQfbs12N7qTwHGdFSgcLSBnDLioBye,3HDLCsoyLPA8PWcH4D3Vn38ge3RX9KAE2D6qTdAwBeRw,,,,17183.877419713
stake,withdraw,5pKJHvnCA9Hiy7ZUyW5WPfABHEu5qSphiyfBHDz9hmiyg7xFbPFmFuEiNDF2KwzT7F1xru34eVujar8UwZVSEpBA,null,154657620,1665413522,0.00001,,8g3YB8KxpWEAAvcjom5vSqxJAZczZBgB4pEgsssts86K,,CWUtdNdJ4Ca1pMNi151qo35X4oFrGRL5vftPenKGcmsn,3HDLCsoyLPA8PWcH4D3Vn38ge3RX9KAE2D6qTdAwBeRw,,,,17193.508522458
stake,withdraw,3u5yc1ExwhzFJP2TNGSx5z4ooztmYZzwB7YsjSPZUgW6K7sYVRRAch7rHwfLKMAAyeBKHuPaeZYqYDS3dPoKs5ZC,null,154657547,1665413477,0.00001,,8g3YB8KxpWEAAvcjom5vSqxJAZczZBgB4pEgsssts86K,,2dKoPnca39jwTovvZ37AvjbxTfvMpx45msppKHpukCdy,3HDLCsoyLPA8PWcH4D3Vn38ge3RX9KAE2D6qTdAwBeRw,,,,16465.42093756
stake,withdraw,5XbwuDsXgkXe8m9z7KEq7cyEUWPMHcZdtnV8Dfb7X2Y5xS6UfxW2vrRKUGdj4FZe7oM9C4UHsshgoxiZAKrbwejS,null,154657543,1665413475,0.00001,,8g3YB8KxpWEAAvcjom5vSqxJAZczZBgB4pEgsssts86K,,98qfZVModactp75T49wU9uZBBc25TjVDDfZRvgiFmGLN,3HDLCsoyLPA8PWcH4D3Vn38ge3RX9KAE2D6qTdAwBeRw,,,,16708.262179251
stake,withdraw,4Esp6K7bK1ZZWVkGWz4vD4E9iCV7UkXNZuPSzQEaadBjvA1xJTw28StAtQF41aiaKGQqzbzgJ65eNejUxtCF5GUr,null,154657566,1665413491,0.00001,,8g3YB8KxpWEAAvcjom5vSqxJAZczZBgB4pEgsssts86K,,AsxovhyHS7aeQUToJBJt1uzFuJf2SJGLCX7GN523vCt9,3HDLCsoyLPA8PWcH4D3Vn38ge3RX9KAE2D6qTdAwBeRw,,,,16612.800765714
stake,withdraw,27Q3vmyaBo9QUXqzPcjvHEFnUr154B1jVmnQFbAHe9NgwPmEqhW1dVY6c4k79yTiKRPhKzwTCT8wM1RDmg7ZMCys,null,154657520,1665413462,0.00001,,8g3YB8KxpWEAAvcjom5vSqxJAZczZBgB4pEgsssts86K,,4b71Ydn7a4rwPD33RF9TrgHdxA8QUDUmSNc1QDgkyZbL,3HDLCsoyLPA8PWcH4D3Vn38ge3RX9KAE2D6qTdAwBeRw,,,,21389.270773696
stake,withdraw,2KvgBjqrYvRLmz4u4QvrGsaLuyfCRPaEyiWcdjWWvqHrmtG7BXaZ7uiaPHGKwWo6Lv4WSKYGHgANBjXt6CzFoEdZ,null,154657514,1665413459,0.00001,,8g3YB8KxpWEAAvcjom5vSqxJAZczZBgB4pEgsssts86K,,6wHkGsQb627Q4qGafJ1eLxp8amcGBM8J6cZfoRHQcFTo,3HDLCsoyLPA8PWcH4D3Vn38ge3RX9KAE2D6qTdAwBeRw,,,,16714.108303179
stake,withdraw,sHvYA4yMBJVwrmaGLJvWd1qgmT9zeGBoV2Bb1sJcJs3oTw9kAwjxh7sWHJtQCJSa8sK6S7J3vGr1wDdoCWWFa7i,null,150843419,1663282177,0.00001,,8g3YB8KxpWEAAvcjom5vSqxJAZczZBgB4pEgsssts86K,,DCXqkSSMoPnu9DuRQpW1FsQ8pN9EWFdnzYzwRQphH3kc,3HDLCsoyLPA8PWcH4D3Vn38ge3RX9KAE2D6qTdAwBeRw,,,,0.101
stake,withdraw,XWXMFe9Bt5xipQ5J6pATZK5oowLDSY25X4LbscQYic2ascfxntEM7qCK9w2rcFBkAJtGAxAorcThDmuqVbcXivU,null,150843424,1663282180,0.00001,,8g3YB8KxpWEAAvcjom5vSqxJAZczZBgB4pEgsssts86K,,6db4csTthKUct8ZpZL5eZx3zMgWbydr8wHDVvHCqUyM3,3HDLCsoyLPA8PWcH4D3Vn38ge3RX9KAE2D6qTdAwBeRw,,,,16648.505028005
stake,withdraw,3kgLWZjDSsWwoAewhWkvc9oz6b4rdgkhq2qkdBwtQ3psk1ynCWv9pF3giffBc3THbe2pA37PqK6JCEDWM31o8Qs7,null,150843316,1663282111,0.00001,,EhYXq3ANp5nAerUpbSgd7VK2RRcxK1zNuSQ755G5Mtxx,,8DNmpZaygSydxL44pD1LbReeaFMkDXyAXx2i9yS5ybem,3HDLCsoyLPA8PWcH4D3Vn38ge3RX9KAE2D6qTdAwBeRw,,,,504024.399848253
stake,withdraw,21qQwUSor56Ktx6ckyJyhoCekBCnSVz3tWa31SKkNnnbMMrpcSkTEGCUhYcdjmJivqNUVpuEn19Ec6oWspD97TpJ,null,150843295,1663282099,0.00001,,EhYXq3ANp5nAerUpbSgd7VK2RRcxK1zNuSQ755G5Mtxx,,AiCuDAC65nLm95AeAeQVbGicr5w2qVe3kqkRQjEKnVKu,3HDLCsoyLPA8PWcH4D3Vn38ge3RX9KAE2D6qTdAwBeRw,,,,504303.41348218
stake,withdraw,2htU4DoY74NZTgHUABWNQ4aXE5qjggaHbmk9BDkTQM8k99BJgw9he8u3q8qNpFsrvWTFJfW1EzDmURkBSkzmVaV5,null,150843246,1663282069,0.00001,,EhYXq3ANp5nAerUpbSgd7VK2RRcxK1zNuSQ755G5Mtxx,,4MzUTMNA7HdDEa8sL8drAzRCWG2SiTChnwFj2vGaPFxu,3HDLCsoyLPA8PWcH4D3Vn38ge3RX9KAE2D6qTdAwBeRw,,,,504270.543996153
stake,withdraw,5KFB4pybYkmtKRpTuQy4S3dZngk5d8BmBBzjcTxhak5c34fjc2yvb7mPU8ejiagrAqaMkfqMW7qGEvhhYmUsW7hH,null,150843324,1663282116,0.00001,,EhYXq3ANp5nAerUpbSgd7VK2RRcxK1zNuSQ755G5Mtxx,,6Q2rVnvkSJh5inB8Vs8MnmyGdARJxP25Vv3GoWz53CLM,3HDLCsoyLPA8PWcH4D3Vn38ge3RX9KAE2D6qTdAwBeRw,,,,504015.371026537
stake,withdraw,4aBvC81ATB1ShyUrd97tyVPYXgmCfeyp6knTNjJyKmvn2m8sEBK4sdoChe7mZNxpNfUS8WzY1QwnWptCU8hGCy6c,null,150843227,1663282057,0.00001,,EhYXq3ANp5nAerUpbSgd7VK2RRcxK1zNuSQ755G5Mtxx,,hi735LUyfmUiRudDJEexAFPmaUXVsoBTEm73xNWfFcC,3HDLCsoyLPA8PWcH4D3Vn38ge3RX9KAE2D6qTdAwBeRw,,,,503887.289211675
stake,withdraw,2k2STx6jbJjr3t1Tq4eykLhX2kLAmcTASmyQ5CnB5j5vUPHCL3XgmvsFdnU2YX4Rxmeigqu8ddmpPxmS6uTw9Luo,null,150843257,1663282075,0.00001,,EhYXq3ANp5nAerUpbSgd7VK2RRcxK1zNuSQ755G5Mtxx,,fadcTGsD6HbCWFBiJfvvkejMo7N9LPA2jVDa9DSp43d,3HDLCsoyLPA8PWcH4D3Vn38ge3RX9KAE2D6qTdAwBeRw,,,,504000.919943409
stake,withdraw,4PJffjpFZ55uPMpVcEsYs9LgpC63KYi4YXKQKsxJYiQTswrVEc3JxN9uG1tP1Ef6a1PHgVS8F2dLFGFqTtduQXfW,null,150843289,1663282096,0.00001,,EhYXq3ANp5nAerUpbSgd7VK2RRcxK1zNuSQ755G5Mtxx,,8tJhzPuwVCTgeHhzoGUGCAGEWaHEKUWzqxF8B3EjtqkV,3HDLCsoyLPA8PWcH4D3Vn38ge3RX9KAE2D6qTdAwBeRw,,,,504072.717641153
stake,withdraw,x9rq4tnUe5hnsYXoUXEC1UeH3Yp1QHHqzgK5DN4hTnTQCPMGsmwQSs4W7WMbWdvqNy2Trx2MVcCrLnU6fdLtcio,null,150843222,1663282053,0.00001,,EhYXq3ANp5nAerUpbSgd7VK2RRcxK1zNuSQ755G5Mtxx,,Gm4Eozs7EQrqtToivYQGM5e3GDapeZ7rz2E1bpDjw6UQ,3HDLCsoyLPA8PWcH4D3Vn38ge3RX9KAE2D6qTdAwBeRw,,,,504054.500210751
stake,withdraw,21AHKDdc81iCsv5P7gzQnszDENHVuAVfEteK9f3jzHWJzn72CEkmTN4YDhUfPy5bySdD3GEAcWrEVUEZ6GYhkDGT,null,150843276,1663282087,0.00001,,EhYXq3ANp5nAerUpbSgd7VK2RRcxK1zNuSQ755G5Mtxx,,EjEKJUSASvaDRNtMB2An3FSopB7cvKikPpLiBgcB44gp,3HDLCsoyLPA8PWcH4D3Vn38ge3RX9KAE2D6qTdAwBeRw,,,,503944.113345503
stake,withdraw,61RPP16veoGud3AApSzqAGRzimBtYhNuxcUacyLR2XmsftpuLkWeGTWpiUquZhvkoSShNkEDBxkaeceumps65FTv,null,149942848,1662763112,0.00001,,8g3YB8KxpWEAAvcjom5vSqxJAZczZBgB4pEgsssts86K,,DCXqkSSMoPnu9DuRQpW1FsQ8pN9EWFdnzYzwRQphH3kc,3HDLCsoyLPA8PWcH4D3Vn38ge3RX9KAE2D6qTdAwBeRw,,,,16683.497481061
stake,withdraw,5QntqeBJhSJkkqDQvDPkEt6oUNt8pCos624o2S4F6oX4KGhr1fuWDf53oXzbVXicnxnBz1yxoFaMVNaEtkTazh5F,null,149942542,1662762931,0.00001,,8g3YB8KxpWEAAvcjom5vSqxJAZczZBgB4pEgsssts86K,,6yHvfWywvPat4KHnEwRe3s1zjvbLAGFiBap7XPQc1xxV,3HDLCsoyLPA8PWcH4D3Vn38ge3RX9KAE2D6qTdAwBeRw,,,,18870.244119857
stake,withdraw,3DgcWfw8ziRYRNX4xiq6emkfMsiPocV6Vov9oKr22Uu4chYeu8FSYZ8YdUn6PzRPNyz2nxyukeyW4B44RJx4vJMC,null,149942477,1662762891,0.00001,,8g3YB8KxpWEAAvcjom5vSqxJAZczZBgB4pEgsssts86K,,EU24xXBY1Bcw8uhFXFq9syB3SRR4N5cg8fmusb9NJRgN,3HDLCsoyLPA8PWcH4D3Vn38ge3RX9KAE2D6qTdAwBeRw,,,,17834.996930035
stake,withdraw,65Qz2i2j2sD95CKGNVCvnBEsZ2VQimp7Tr7jBR8VANLkZE9QZBnJaZFhpYKHXvTNRQULJTTFwSn1sGy4MHcx945X,null,149942563,1662762948,0.00001,,8g3YB8KxpWEAAvcjom5vSqxJAZczZBgB4pEgsssts86K,,8jWnUXFT7tfpAQWgYpAkdPm1o9bobzGzSqbquL4boB6h,3HDLCsoyLPA8PWcH4D3Vn38ge3RX9KAE2D6qTdAwBeRw,,,,16248.508322347
stake,withdraw,4FfGttQK5uNyXRcjhBAhCJZgYUaSHDHcp7NZWUAF9x9eqyHKpWEvFEzvkGbmXFUMzd4AWT8LEWEJq5w5ef4McCke,null,149942482,1662762894,0.00001,,8g3YB8KxpWEAAvcjom5vSqxJAZczZBgB4pEgsssts86K,,DWCg5GF2MAoBeNLEF6rZS2u4J7HFVyCZgoKdWjQzHfnr,3HDLCsoyLPA8PWcH4D3Vn38ge3RX9KAE2D6qTdAwBeRw,,,,15571.342794344
stake,withdraw,KxkwD3zfjhLsKcvxrwYujEqVDBc8G8ooKnBLEiKEnKkSDBBd1LuumC4EKMVKebshd87qmJbHCLdwcx5yWg7vmoY,null,149942516,1662762911,0.00001,,8g3YB8KxpWEAAvcjom5vSqxJAZczZBgB4pEgsssts86K,,9WdpFxcfjDtYpa3YarMkxTFnYG2HQAvoA3D1c5eJanRP,3HDLCsoyLPA8PWcH4D3Vn38ge3RX9KAE2D6qTdAwBeRw,,,,14178.968787424
stake,withdraw,3CTbVJRjfGpEzepAvedWaKznKEHPF27AA4Ks2UAXpsNEik8omskHrW7CN1t3AvLwhw9gJs8aMEZWeyWbTBvhLUEu,null,149942557,1662762944,0.00001,,8g3YB8KxpWEAAvcjom5vSqxJAZczZBgB4pEgsssts86K,,GBCTx88Xb5V1khNaXiZVurrHM1a8xHD9Neaa2KtumXWG,3HDLCsoyLPA8PWcH4D3Vn38ge3RX9KAE2D6qTdAwBeRw,,,,17773.138299148
stake,withdraw,5p2SW8aGQ5iLEq6odaXBgDMN9Tr9pZTQKTKTxAFn8pVojBNxijGPayFQL1MP8Vy7Viv36mbbYWLj7BFNSbqVYMMR,null,149942584,1662762962,0.00001,,8g3YB8KxpWEAAvcjom5vSqxJAZczZBgB4pEgsssts86K,,GXVGJDSst8qQwHFHAwe2vqKmjnVE2KbSZJkgx4Du9TL5,3HDLCsoyLPA8PWcH4D3Vn38ge3RX9KAE2D6qTdAwBeRw,,,,17245.900761059
stake,withdraw,NXWyQDoSo1FQrAQGnTRUNjVz2hmAbpnAFY5pWAZv8T4YesXFaiWb2SJu1vJeWYS9nXn8r31dXXTzS9TmVSZsz3S,null,149942536,1662762926,0.00001,,8g3YB8KxpWEAAvcjom5vSqxJAZczZBgB4pEgsssts86K,,GxeJiU3VrUeX4yf5imt8kuCRY8XXEEMmEQ8rQKBy4Ecd,3HDLCsoyLPA8PWcH4D3Vn38ge3RX9KAE2D6qTdAwBeRw,,,,19359.914529811
stake,withdraw,5ggfpiGuLKYbeHCyfhG4hnND8BeaqFzyA1spTwSp6FLRsTuS8TLHG7w6XVu4RfKdJSoTpXzqVcQuHrsiDC7oynem,null,149942507,1662762907,0.00001,,8g3YB8KxpWEAAvcjom5vSqxJAZczZBgB4pEgsssts86K,,8218WdYkCyCRwEDmGoAUY7FfxZ8Vk5CVCgq7vPmACzTN,3HDLCsoyLPA8PWcH4D3Vn38ge3RX9KAE2D6qTdAwBeRw,,,,14980.576026032
stake,withdraw,57czM5yjrMZc21PfcGnF3HixakA2RPYrwUa5zKNR5jRFqimeP7qfoCbSY6q3yjVJSnSxboY3XDSvMd47m57AB7Ut,null,149942452,1662762879,0.00001,,8g3YB8KxpWEAAvcjom5vSqxJAZczZBgB4pEgsssts86K,,6BrC3szJv2yGEXEySa1WnAKAAHuBJitq3X2WKvnb8oq,3HDLCsoyLPA8PWcH4D3Vn38ge3RX9KAE2D6qTdAwBeRw,,,,17486.469515821
stake,withdraw,4zTk84z72QZMpz8qLFvE69UozKjR4u7TKchDgALQPPwecJwkdTLPQCcN6RULdVqjJdFnAGLN55BHTLt55JbxEzmE,null,149942446,1662762875,0.00001,,8g3YB8KxpWEAAvcjom5vSqxJAZczZBgB4pEgsssts86K,,BkZPcsw1p2cNX1hcLaTpr2Kkp5tLuT4RzrECsQxvpBHG,3HDLCsoyLPA8PWcH4D3Vn38ge3RX9KAE2D6qTdAwBeRw,,,,16218.615547662
stake,withdraw,5g8X39au79mDAiTX7u4ejcMirk8UzvyXy6qbVbkZ7PUh4nQodsQZj5LRNEmFVYBuT4ShiZVVKRvHegzvQSmVx96v,null,149942417,1662762860,0.00001,,8g3YB8KxpWEAAvcjom5vSqxJAZczZBgB4pEgsssts86K,,FQY8g8Ca2BnrzAhyN29MnoiiCcGomJKQEA9PCnYN1LZ1,3HDLCsoyLPA8PWcH4D3Vn38ge3RX9KAE2D6qTdAwBeRw,,,,14487.276743017
stake,withdraw,YvVezdf4KwxTXUFBZ3G2nYQFJWUN1PQGBiyYuxDr8FdtWLHuNfMhRxkvGNDWQJGkUSLhqKCGq8d4P1LeN6dEV54,null,149942423,1662762864,0.00001,,8g3YB8KxpWEAAvcjom5vSqxJAZczZBgB4pEgsssts86K,,FtKQjqfxn5vAAz6RZJim14mw9LCfkwEAtzvTdutxfupc,3HDLCsoyLPA8PWcH4D3Vn38ge3RX9KAE2D6qTdAwBeRw,,,,15514.984035075
stake,withdraw,5TsMbGUihUokzWbSPFmutTdFqmfCqfJbtiVCqeHXWngEuTjhNgWkU8zkdqfxo4zQcgYkR3fPUBj9tkgHGouKUfbd,null,149942385,1662762842,0.00001,,8g3YB8KxpWEAAvcjom5vSqxJAZczZBgB4pEgsssts86K,,B3W9Yf3Pwfx51zQYvWGaUPSJhtodvTg5cdCD7R7smva8,3HDLCsoyLPA8PWcH4D3Vn38ge3RX9KAE2D6qTdAwBeRw,,,,17148.625502472
stake,withdraw,KR1tiBtfeyFURYtAgprVW2x6HY52ZvvHt2YigyHejwkj8V83C8cSCQgD4tNRaf4PNypmSmdEhv2iFpgnBtNphyn,null,149942412,1662762856,0.00001,,8g3YB8KxpWEAAvcjom5vSqxJAZczZBgB4pEgsssts86K,,A8KNtNqprW92MhfP9wh43V4VxyCXpexYnCngzZd1bZJ7,3HDLCsoyLPA8PWcH4D3Vn38ge3RX9KAE2D6qTdAwBeRw,,,,16508.459608154
stake,withdraw,TVGmdcMxLq1zr1gJyG19G9nX2pNnKyCudY2qi7QqcMmHpGtJQwsrwbPqsJK4nnV4j77K2AgrgiXGqoaqP6qgPYk,null,149942365,1662762832,0.00001,,8g3YB8KxpWEAAvcjom5vSqxJAZczZBgB4pEgsssts86K,,DJmEPiXJFkazpoUxeGmcsMe7MNMg7EGPwRQgoGzpKTz2,3HDLCsoyLPA8PWcH4D3Vn38ge3RX9KAE2D6qTdAwBeRw,,,,16681.150325437
stake,withdraw,xzDSy89iPboUpHCVyBJwnsZrfDo4tuTMj1X7EMq15dvLyRDCrF5jig8CqbSdkKkxqXojTocJ7jhTHkT7fhv1y2c,null,149942310,1662762798,0.00001,,8g3YB8KxpWEAAvcjom5vSqxJAZczZBgB4pEgsssts86K,,7XzM9jH1pVsNjQM8BFeoYZpaqJ6buUd4K1RYQo2Xwv8p,3HDLCsoyLPA8PWcH4D3Vn38ge3RX9KAE2D6qTdAwBeRw,,,,21335.070494876
stake,withdraw,3tdDC7BgqmZdrq3SVd1qWwXEiYQDshyefVeUrASj3PB9cr1LEvNs84rP3edW745LuZsHzHjYcCoQVdUXdNAks23G,null,149942359,1662762829,0.00001,,8g3YB8KxpWEAAvcjom5vSqxJAZczZBgB4pEgsssts86K,,59JbqayCwCm4EiNeV9MR4BvwuUDogHWM7YaYQdK4gaEL,3HDLCsoyLPA8PWcH4D3Vn38ge3RX9KAE2D6qTdAwBeRw,,,,17174.663119842
stake,withdraw,54oYBxrwAeMo7PsqnWAjYkvGt5yEN1NieuYddShHWDhryzSbchNjRLxYWnCskJnyPM31P7EJorWpjps6n83kVBY7,null,149942335,1662762813,0.00001,,8g3YB8KxpWEAAvcjom5vSqxJAZczZBgB4pEgsssts86K,,8jxqdub49TyCLkQjDUwv5CGPzYivZdzNw49acZThYRJ2,3HDLCsoyLPA8PWcH4D3Vn38ge3RX9KAE2D6qTdAwBeRw,,,,16628.206511458
stake,withdraw,5ivntr4muVMpZRVxFAjKk5b82f5UeJc9o6FsMLiAGL9Tyyrs8xUasLiwGrkzxNwUNRZfJ77wZkbd4i9cecfedgW8,null,149942340,1662762816,0.00001,,8g3YB8KxpWEAAvcjom5vSqxJAZczZBgB4pEgsssts86K,,7okmWARcrGk6sPdtM5eiHuavnTmPDZEWj3YUyhsAgq6U,3HDLCsoyLPA8PWcH4D3Vn38ge3RX9KAE2D6qTdAwBeRw,,,,16795.97129528
stake,withdraw,WxwSRhYQb75rh4LtUnXizz6ZBBmDZqZuJTk99UQnPJ6RuL8n41u2iGYB5hbdyxmV27YV1yg8CnDkmQtQ64UH5p1,null,145699389,1660331238,0.00001,,8g3YB8KxpWEAAvcjom5vSqxJAZczZBgB4pEgsssts86K,,8gxdoDu9PjAXSKxnnq4MS14NUvrF1jjvn2giDGZjbSsd,3HDLCsoyLPA8PWcH4D3Vn38ge3RX9KAE2D6qTdAwBeRw,,,,0.1
stake,withdraw,J4kA6p43YG4MtK7syLHtn82kDEm8przCBe1LM8jE4chSGinBNWKRQ8DQTY36QWb2VQ4obkRdWppodeRR7WwrsV7,null,145699337,1660331201,0.00001,,8g3YB8KxpWEAAvcjom5vSqxJAZczZBgB4pEgsssts86K,,6f4gVXc8XtkshNLrd6ExVAEqAuWWvZwAJ5HeG6jxBw6n,3HDLCsoyLPA8PWcH4D3Vn38ge3RX9KAE2D6qTdAwBeRw,,,,0.1
stake,withdraw,37WF3Hx8SGUiQjdzXCdzHQi5ciQDhaQgUQfx5VVn5qiRbQAQ5Uuw8P3XqGNFRPhZBBhQhgLjo7iUWzBaTA364EJG,null,145699378,1660331232,0.00001,,8g3YB8KxpWEAAvcjom5vSqxJAZczZBgB4pEgsssts86K,,8gxdoDu9PjAXSKxnnq4MS14NUvrF1jjvn2giDGZjbSsd,3HDLCsoyLPA8PWcH4D3Vn38ge3RX9KAE2D6qTdAwBeRw,,,,16634.234671765
stake,withdraw,2TGV5qDpoRbdREXWYbp8ZcdWbBi1oNutbUdKYT5LJgXdFx6ExaiwNTNjTRAa4NGUi2ekvd43k5BfcV7VnjtLagZF,null,145699324,1660331193,0.00001,,8g3YB8KxpWEAAvcjom5vSqxJAZczZBgB4pEgsssts86K,,6f4gVXc8XtkshNLrd6ExVAEqAuWWvZwAJ5HeG6jxBw6n,3HDLCsoyLPA8PWcH4D3Vn38ge3RX9KAE2D6qTdAwBeRw,,,,17421.048945143
stake,withdraw,36rZs382mSb2Wc3T85pGSTtKzXkxUaLsnkfFr1uAzTBkaB9ESzb4CEwa6d1ugxDhxBYooAzkZmYLeLTJsRHUzgzJ,null,145699295,1660331173,0.00001,,8g3YB8KxpWEAAvcjom5vSqxJAZczZBgB4pEgsssts86K,,8MAw53Jm5VmdvaiqFgef7ePp6Zy8rzUN1U6wDt6b3su5,3HDLCsoyLPA8PWcH4D3Vn38ge3RX9KAE2D6qTdAwBeRw,,,,0.1
stake,withdraw,3Yx6Qcb1g5oFrq2JvhhjJqSKSH9h8MXKwGR5b5yhmpjrsmSypgaBjfid3Q4Pnk64cy2J5Zza67DmjbsfrEL7teNY,null,145699147,1660331084,0.00001,,8g3YB8KxpWEAAvcjom5vSqxJAZczZBgB4pEgsssts86K,,AvUcvLoRRdrZnGHcnLBUgmDqdFxw5eyeeF7UvMChmd4W,3HDLCsoyLPA8PWcH4D3Vn38ge3RX9KAE2D6qTdAwBeRw,,,,0.1
stake,withdraw,2se5Ckz2LG9FZY5SUVH3s7w23gxBnRMkQXgVNJNLzFpkr7XfUcK1WJKKksVKCHF19VSESgvjUvH9QCRfLE7uq79U,null,145699280,1660331162,0.00001,,8g3YB8KxpWEAAvcjom5vSqxJAZczZBgB4pEgsssts86K,,8MAw53Jm5VmdvaiqFgef7ePp6Zy8rzUN1U6wDt6b3su5,3HDLCsoyLPA8PWcH4D3Vn38ge3RX9KAE2D6qTdAwBeRw,,,,17430.702572994
stake,withdraw,52ijb9UoHE6TCikQHwuUNXXrQGHMCQASmSqfEM92CLPzDRSMWqG7nNQ59HvmN3Nwe3cwK5316VXmGwgZSayXtc3A,null,145699220,1660331123,0.00001,,8g3YB8KxpWEAAvcjom5vSqxJAZczZBgB4pEgsssts86K,,ELTKkW91SEEGY5LRyBTgYXfjoxaqGg6H4FJ6i4wssbMs,3HDLCsoyLPA8PWcH4D3Vn38ge3RX9KAE2D6qTdAwBeRw,,,,0.1
stake,withdraw,UdihBCCXycF8VH2dGgS5o2PkiX3mEPYaRqX1EoJo3v5pLNgsu4QJnmmsA1Ksxi24iFhF9KpGEWtx5ALw8eu4c3D,null,145699092,1660331053,0.00001,,8g3YB8KxpWEAAvcjom5vSqxJAZczZBgB4pEgsssts86K,,AvUcvLoRRdrZnGHcnLBUgmDqdFxw5eyeeF7UvMChmd4W,3HDLCsoyLPA8PWcH4D3Vn38ge3RX9KAE2D6qTdAwBeRw,,,,17188.067459398
stake,withdraw,4cMchoVcArr8jcauvZ1jFvdMJS8brNhSqNQF49yYGZJ7KkpBzT38FNEmLiX8axeHuFTeCaHTbqTti9ZmW4C4aqbT,null,145695405,1660328616,0.00001,,8g3YB8KxpWEAAvcjom5vSqxJAZczZBgB4pEgsssts86K,,CCa2BAtN8UfpvZRkcZ3Ri9ZJmQNVs4Ye2EpPmLjirGmo,3HDLCsoyLPA8PWcH4D3Vn38ge3RX9KAE2D6qTdAwBeRw,,,,6863.494143014
stake,withdraw,369ZXBMFq54LgyhUVVNGNoifPubRFpZSuZ1yajXFU118GbocjZSgmKcgVymhN1st3Qn7zfZtALCs58z3Fm4vLAWF,null,145699206,1660331115,0.00001,,8g3YB8KxpWEAAvcjom5vSqxJAZczZBgB4pEgsssts86K,,ELTKkW91SEEGY5LRyBTgYXfjoxaqGg6H4FJ6i4wssbMs,3HDLCsoyLPA8PWcH4D3Vn38ge3RX9KAE2D6qTdAwBeRw,,,,16977.768625219
stake,withdraw,2hrk2GAEodm8ADw6XWHBr5ou8gTgNeCb9pEFqdGqDRaszgVL6JC4uF1zkEE8JLSnQsqSLnGrvKvw1GrkMfjmyCAu,null,145695380,1660328601,0.00001,,8g3YB8KxpWEAAvcjom5vSqxJAZczZBgB4pEgsssts86K,,ExVUFdE2BgEdozM5uLiBX4Uwnr4PqY9MA8fp6gDwL7jC,3HDLCsoyLPA8PWcH4D3Vn38ge3RX9KAE2D6qTdAwBeRw,,,,8297.487608297
stake,withdraw,49eDG6T742kn6uZa35C5Mb4DGJDa9np792JAXnzhC6UdGUmhfSu1BMkcTPKxmXByVafMrd8e4kDHUN2tsRiXGGPW,null,145695340,1660328577,0.00001,,8g3YB8KxpWEAAvcjom5vSqxJAZczZBgB4pEgsssts86K,,FQZbchESmQqxAJS9SWVdvSd4NpoJTX7TuCVWgvdcRACc,3HDLCsoyLPA8PWcH4D3Vn38ge3RX9KAE2D6qTdAwBeRw,,,,8914.441619857
stake,withdraw,2L1owo1dxZgaQwtnrvCz9SWvEf1PsVZq9NCjQmLnrmYCYVaZoaBSmc2yqB1nir7Ci9tf8BC7Bj7XZnDgTG8iqRC2,null,145695344,1660328581,0.00001,,8g3YB8KxpWEAAvcjom5vSqxJAZczZBgB4pEgsssts86K,,6SmcBDmq8hGGZwLAyp6XcmFBeChQiXMepkHin5cD6K4g,3HDLCsoyLPA8PWcH4D3Vn38ge3RX9KAE2D6qTdAwBeRw,,,,5570.73633589
stake,withdraw,4cYJ6YCmY4r63CUdtNPDLTvdYQGqELEMVDrFhozt6dsvyyx723Qwp3mMoidCFK3LuewuiLhvpKx9KY6NopR1yK5S,null,145695376,1660328599,0.00001,,8g3YB8KxpWEAAvcjom5vSqxJAZczZBgB4pEgsssts86K,,59cH1DNmY4u84vGd6mRZPPEkcFfRTnseM4Zk16di28p1,3HDLCsoyLPA8PWcH4D3Vn38ge3RX9KAE2D6qTdAwBeRw,,,,8881.522626048
stake,withdraw,L3q8Qc385L1faECqcgy47oHZerBMBGw2iPQhExr6tHEk51oDLKvRbgpird1XDtvuQGYk9CrJ9CpwFYmAh386BRv,null,145695323,1660328564,0.00001,,8g3YB8KxpWEAAvcjom5vSqxJAZczZBgB4pEgsssts86K,,8tMf5td6FGJ5j3XdDqDf7vAadC1eRy8LNLBjh44XWP2H,3HDLCsoyLPA8PWcH4D3Vn38ge3RX9KAE2D6qTdAwBeRw,,,,8362.034408822
stake,withdraw,5A2xqyXaB2wGqMc6adpbgnZK5rkwFvSuUNnmSN5TuT2XMMUauQWes47c7jHSs6aoPnnWAQs6GEGNneCzuexBLoBJ,null,145695297,1660328546,0.00001,,8g3YB8KxpWEAAvcjom5vSqxJAZczZBgB4pEgsssts86K,,DKJjLXdoQ7z6Eqwyiujg7eKAQmfzrBkov9yi5CRYUyvj,3HDLCsoyLPA8PWcH4D3Vn38ge3RX9KAE2D6qTdAwBeRw,,,,11513.965688215
stake,withdraw,5Pt1ksrVVkxUE948p3LVMqmNBEJLQdzCpeMS8PsU62qCeBauE8Fv2sanYtZa4XEa5c8LwP1gyCBj7cjDbKUUjK4r,null,145695269,1660328529,0.00001,,8g3YB8KxpWEAAvcjom5vSqxJAZczZBgB4pEgsssts86K,,ABU22iPD52VVBcANfJCuknCx3fFphbt8b6d9wS2Vsty4,3HDLCsoyLPA8PWcH4D3Vn38ge3RX9KAE2D6qTdAwBeRw,,,,10312.426379446
stake,withdraw,2PrKsMaGzhv9FaaSjajMQUfMvuKnUuBaw7NeVosoPDKQuw4quRTdskkMngKKGEXaEADMy15qFVcHfCGMz6EqmcBR,null,145695316,1660328561,0.00001,,8g3YB8KxpWEAAvcjom5vSqxJAZczZBgB4pEgsssts86K,,EAymbb8ZjcX7GtgUxGAGUvvLFaAXqWkzbrcWC3TThWPz,3HDLCsoyLPA8PWcH4D3Vn38ge3RX9KAE2D6qTdAwBeRw,,,,4827.901510486
stake,withdraw,2iNi3jZ5WT3K6n4MZ1feLeLLbpCEvW9c1AGswnYWEmkrPLDhCmWm7JRSdT8JUkDCFr6cWfNsNHrTiRfkyX9ggyU5,null,145695290,1660328542,0.00001,,8g3YB8KxpWEAAvcjom5vSqxJAZczZBgB4pEgsssts86K,,DVPEi4tSyuapS8eRVaAH8C4nvVHNySA6EccudkU1sC1E,3HDLCsoyLPA8PWcH4D3Vn38ge3RX9KAE2D6qTdAwBeRw,,,,9514.643189287
stake,withdraw,Wanit4LChq117ZVgWFNG76rLQgNXvLpNegvREAMdGGcAKksvj3JYUvJpGaQ4W9H5cRQGkzFjjvD5yqiKfeBatBt,null,145695236,1660328510,0.00001,,8g3YB8KxpWEAAvcjom5vSqxJAZczZBgB4pEgsssts86K,,Hhio1RWifuZBsWmGgAqei4gKZAKBB4DXiA3nQG7Vgnpq,3HDLCsoyLPA8PWcH4D3Vn38ge3RX9KAE2D6qTdAwBeRw,,,,6575.16063298
stake,withdraw,8msJ22C5JWbmLKCAwcDbQc799ZS4GYd6a28cfmESrMpPHfwrt8YDkD9pu5ZkZcguHJYzrn79Vm1bnNuNVxnicqX,null,145695264,1660328527,0.00001,,8g3YB8KxpWEAAvcjom5vSqxJAZczZBgB4pEgsssts86K,,HqsGhq3Y3aE2Tc98JRaUcZKD5bFd8ZxJ8d5CVfXAQk7S,3HDLCsoyLPA8PWcH4D3Vn38ge3RX9KAE2D6qTdAwBeRw,,,,10601.120278598
stake,withdraw,4SHvwGuGQcTYf5tkbvoVC5emwZPd97i28ioHmtWeE7yRzK6TNvMeYc8qn893DqEbAzXjCecSB5QGfJkJrYJEYssa,null,145695240,1660328512,0.00001,,8g3YB8KxpWEAAvcjom5vSqxJAZczZBgB4pEgsssts86K,,8xp4t3kgrLeGndpWyG9xsJJcTadEYK5b9K9wH4GHA3kh,3HDLCsoyLPA8PWcH4D3Vn38ge3RX9KAE2D6qTdAwBeRw,,,,7459.55530773
stake,withdraw,3KBZhY1Fz4HBFfSrLdgcUL7pzXwX7DAvNZTz4qM4ahdHWUyJeKdfkSib7SZEhw3a6nkcQivfbtS5psnVaRkLK5Jw,null,145695208,1660328491,0.00001,,8g3YB8KxpWEAAvcjom5vSqxJAZczZBgB4pEgsssts86K,,SXoJLgUUvhKXhLHtqxF6Ek7TJexNx8gzAQDGVwJLDmq,3HDLCsoyLPA8PWcH4D3Vn38ge3RX9KAE2D6qTdAwBeRw,,,,9431.661281643
stake,withdraw,295UbTDaNLNv6YeubPTB6eJaZ5TeHHRa5qxjUUyYqhxCBdJfjFjzUg6byWsSUvhC8PWCphpNo2XwFWzGe2aqyBa2,null,145695190,1660328478,0.00001,,8g3YB8KxpWEAAvcjom5vSqxJAZczZBgB4pEgsssts86K,,GemGg5Enq95gSaukWEqhQdgzNFK9Z8TaoEyhN5qKGdZr,3HDLCsoyLPA8PWcH4D3Vn38ge3RX9KAE2D6qTdAwBeRw,,,,1.01
stake,withdraw,2Q3jmAmCjsoyGKs8T7x8w7YyYs8sKZgb1ZrnVdza8GG4RRjRu59haNPKzJ2zDY7rpZ153XrhfCTS2wiNzcDM3U9R,null,145695184,1660328474,0.00001,,8g3YB8KxpWEAAvcjom5vSqxJAZczZBgB4pEgsssts86K,,ASNMzecZwyck6gNGby89QZpt2qFMrZLP4SZNvtRHmbzv,3HDLCsoyLPA8PWcH4D3Vn38ge3RX9KAE2D6qTdAwBeRw,,,,8189.998232657
stake,withdraw,3r11KQnDRnJGrH4a82ikkXJBgkaTpTaK171MYeG3hTN9mEQhy4REs9NrgTt96tvGayCKmWBK9RiFhiFywFN4xhXz,null,145695163,1660328461,0.00001,,8g3YB8KxpWEAAvcjom5vSqxJAZczZBgB4pEgsssts86K,,4JVAGKEqQYv1aHMjMwTkj3WmRXVigmwWeS9rrPcjtS8L,3HDLCsoyLPA8PWcH4D3Vn38ge3RX9KAE2D6qTdAwBeRw,,,,9473.43439564
stake,withdraw,3Sp4h9aF2r2RdMuTVhKogZXEU4wT2zPwRxz5cr5rtmVgsQeZdGsMkt7x4jEcLg6NeV7SRPqQ5LrZM8ePjzJZSzdQ,null,145695214,1660328495,0.00001,,8g3YB8KxpWEAAvcjom5vSqxJAZczZBgB4pEgsssts86K,,2d5qFHX7Sp3kHdft2MEMgAP7Qxj7MtthJFbHP39FSP53,3HDLCsoyLPA8PWcH4D3Vn38ge3RX9KAE2D6qTdAwBeRw,,,,5994.593909236
stake,withdraw,3NX5ALBmAo7zPoamBmxtmgLwNKergZdL6hhvzd38tBU2uUGa54n92LQ4QKQJpcnPntVP62mxYLF7TAjXeUvY92BE,null,145695158,1660328457,0.00001,,8g3YB8KxpWEAAvcjom5vSqxJAZczZBgB4pEgsssts86K,,DafmdTPUGnoncrhErUETKC4uJGn5FzMyBFdcshb3EVMm,3HDLCsoyLPA8PWcH4D3Vn38ge3RX9KAE2D6qTdAwBeRw,,,,5757.81380345
stake,withdraw,4SGg4Tbx8P2p6wtbR1SAoVedTupKiNdkJ2uEi4byCg778hkEps56XQrgeTT4wKqHYJy6qLDfMp2WvNgrxcPL82Gt,null,145695106,1660328421,0.00001,,8g3YB8KxpWEAAvcjom5vSqxJAZczZBgB4pEgsssts86K,,4v55RkqoQaKPYdDhsECfhMF4Sa2P11XyUZ2VjhBuHJM2,3HDLCsoyLPA8PWcH4D3Vn38ge3RX9KAE2D6qTdAwBeRw,,,,5754.105127766
stake,withdraw,2mCzfbAXioFt99wQa2xNeFeHYWGQNkuddy5j7REb5fy3VKRZmYohcsyUj7vuZHqmrvSvEfji3sDpJqteuMwFkrX8,null,145695136,1660328443,0.00001,,8g3YB8KxpWEAAvcjom5vSqxJAZczZBgB4pEgsssts86K,,4XAwpTqwSunB9yDThSENaifkGxGztn4ypmPao4quRE9n,3HDLCsoyLPA8PWcH4D3Vn38ge3RX9KAE2D6qTdAwBeRw,,,,9759.723688884
stake,withdraw,2A7WHLPSxivSrYYyfEGecbRQHcYMwz14zzpw59zb5YxQUb1YfzGRQiQnGY3sVd1WNvVEZBH9dZT2shgBi1vGxWkM,null,145695118,1660328427,0.00001,,8g3YB8KxpWEAAvcjom5vSqxJAZczZBgB4pEgsssts86K,,BpaFydwGc46yToqxPtYczYkt8rWtu2XDoQEpg3fkL1GD,3HDLCsoyLPA8PWcH4D3Vn38ge3RX9KAE2D6qTdAwBeRw,,,,9769.427052476
stake,withdraw,q2x18kPs9j6xheqvW9efFhCdLmdcY185dhomzS3bFknrqJQir3efvuuFdFJN3Hr9oSafCW6CqAMz6xKmKAV7NQK,null,145695082,1660328404,0.00001,,8g3YB8KxpWEAAvcjom5vSqxJAZczZBgB4pEgsssts86K,,2v9yoxSXBUF1ogsMFuYNK7kVnD72zvxB7jqqmZzG8UoZ,3HDLCsoyLPA8PWcH4D3Vn38ge3RX9KAE2D6qTdAwBeRw,,,,9481.692895577
stake,withdraw,4kxgfFkqLm3bsjHTgbsQzs42eMrW32VhcksZdbAGVJGpVjyCxV6EZMp2n6N1k5pqKEjCL1A3eqmsKCExrfQGvBqd,null,145694885,1660328294,0.00001,,8g3YB8KxpWEAAvcjom5vSqxJAZczZBgB4pEgsssts86K,,AdsSYgU6qk4AAHMkkdqDu8tXXqccsKePQpcEvCCkPRxx,3HDLCsoyLPA8PWcH4D3Vn38ge3RX9KAE2D6qTdAwBeRw,,,,14488.727143908
stake,withdraw,5vyFmSFR4HmsXqN8w8zopDuRyyCUb8iUdwW2aG3qGYLLk6ccCva7hQZnjqWswunvPEEVN5wXkECYbCw8zis12DAY,null,145694910,1660328309,0.00001,,8g3YB8KxpWEAAvcjom5vSqxJAZczZBgB4pEgsssts86K,,BRbesgQhfh7nBGouA7xFqD9jhvEKJZcehqLbnr95cnLE,3HDLCsoyLPA8PWcH4D3Vn38ge3RX9KAE2D6qTdAwBeRw,,,,13813.791094684
stake,withdraw,3ruNZsfn4dUE7E5P6babwtixZyihWA8wEfhMKLMAY5qSCHFZ3dYUpzs6JghhkgDGa4JCKtieGMkJScWw5pWqukcK,null,145694960,1660328336,0.00001,,8g3YB8KxpWEAAvcjom5vSqxJAZczZBgB4pEgsssts86K,,EwJHPfmU13cEB6u2DgMQBuD2AhMstCa9AEuTGCUFhZ4T,3HDLCsoyLPA8PWcH4D3Vn38ge3RX9KAE2D6qTdAwBeRw,,,,15973.890873635
stake,withdraw,3BL4RXU9onkSEoECxxwXSD8YSndjTuyg3RXADCDonsRdobG88sXZWU3BKvxi3kkDW8gArxmPWgdCmb4LSFiBhnYv,null,145694858,1660328273,0.00001,,8g3YB8KxpWEAAvcjom5vSqxJAZczZBgB4pEgsssts86K,,2udurMDSvAFz2egnHJaqTi8mj4Hf6FMKVenXaVehc37m,3HDLCsoyLPA8PWcH4D3Vn38ge3RX9KAE2D6qTdAwBeRw,,,,17499.916507734
stake,withdraw,3x8vEwTcopuY5nYEYNChH1dzgz8e67HeHtV4X2jJDCRCbF5DGdBXm9Fmw6pEkLJA3pJPvKUS3kjUuFzqHb332dDt,null,145694864,1660328278,0.00001,,8g3YB8KxpWEAAvcjom5vSqxJAZczZBgB4pEgsssts86K,,547YebemTudd1G541nbaZnn62MvKh36o52RytmBzLFf8,3HDLCsoyLPA8PWcH4D3Vn38ge3RX9KAE2D6qTdAwBeRw,,,,18617.199012726
stake,withdraw,2XckmR5DY6JeshjPrreXoANCFAmiGzXZLTg43j3Zt6seFjfq1c6pyeRuuocqfJYcgSKUHFM95wB562nhb9nijcSr,null,145694880,1660328291,0.00001,,8g3YB8KxpWEAAvcjom5vSqxJAZczZBgB4pEgsssts86K,,Hk6PHBCe16e8g7Nw7GqnBdRoCAEMt7EdNQLs24PkFjNz,3HDLCsoyLPA8PWcH4D3Vn38ge3RX9KAE2D6qTdAwBeRw,,,,18196.741758188
stake,withdraw,3ds25XFwFJP74o3LBVQdJRHNTR5KvQC7nYEjo7ayJZ7G1wNKVorymGuWWfzHFA3qdgmYaGwofY8vnSXMS7oRPuze,null,145694836,1660328259,0.00001,,8g3YB8KxpWEAAvcjom5vSqxJAZczZBgB4pEgsssts86K,,AyBhMefJaos15qwAWEJ8JsrgEcdsTb5SwYTthcmYTvb4,3HDLCsoyLPA8PWcH4D3Vn38ge3RX9KAE2D6qTdAwBeRw,,,,15686.701286241
stake,withdraw,GtmGCvQ7XfBMFMCXDqYAMtp14uTfJadZ2hNzfUPYAkNak9Cbqj9r7VCrAmLRD73vbcSgCdYj8zeUmzFZhy65smV,null,145694830,1660328256,0.00001,,8g3YB8KxpWEAAvcjom5vSqxJAZczZBgB4pEgsssts86K,,BcVPRYZDeURHYrtkFvqc57yPfGDPuNZnTahSnKgPRY1R,3HDLCsoyLPA8PWcH4D3Vn38ge3RX9KAE2D6qTdAwBeRw,,,,17061.204298972
stake,withdraw,3t7Cq1SfJhW8BXbJgn1dcpf4vRgpFRoFBjCWSAbbSu72n2Jzwuy566JGwRydhiV7k97MReAHYXZrGJLY8BLHhhi4,null,145694752,1660328207,0.00001,,8g3YB8KxpWEAAvcjom5vSqxJAZczZBgB4pEgsssts86K,,Bbrajqx2cBiGu2YfVtLYvEUSoJB8c7y5pWVuHHSDVV2P,3HDLCsoyLPA8PWcH4D3Vn38ge3RX9KAE2D6qTdAwBeRw,,,,15697.663480553
stake,withdraw,5n7zpoTGoMfsHfcNmoMfE1rYErMwPq3Yw8K76F2eQpjEmQwpnMP8i59x9MPASzTfwKQsM7maEbqmmsU6AmfciNYy,null,145694780,1660328226,0.00001,,8g3YB8KxpWEAAvcjom5vSqxJAZczZBgB4pEgsssts86K,,GNtWJpEufX2z1czg1UrtqiM7SbTo2PKcGosU9XxKxpUW,3HDLCsoyLPA8PWcH4D3Vn38ge3RX9KAE2D6qTdAwBeRw,,,,16825.82422029
stake,withdraw,3rET9zJUbxPyM6QgbuhyYsfegFk8qXzyMhL4A6wvBrCPFRgtHsmTRBwH1vvdWiC2cchAVwoXtow2goKMAePe5xNL,null,145694916,1660328313,0.00001,,8g3YB8KxpWEAAvcjom5vSqxJAZczZBgB4pEgsssts86K,,2Ksv6zYnD7M4ibBP19RBQstokYSY7dD1pEgJnYbLAme8,3HDLCsoyLPA8PWcH4D3Vn38ge3RX9KAE2D6qTdAwBeRw,,,,15307.715548295
stake,withdraw,3cHA3ZXyzrBXHU2GtagcMTewhUb2HLtgPTaz8hJVjE7xUmjbwJWhZjNFieoyKZ8xeaHBC92fM9AhPwmuCTFXttB8,null,145694809,1660328244,0.00001,,8g3YB8KxpWEAAvcjom5vSqxJAZczZBgB4pEgsssts86K,,CY9TiesDTPpSpyfrTcYBS1mEWy6W1UCe4ntn4Wkp1axS,3HDLCsoyLPA8PWcH4D3Vn38ge3RX9KAE2D6qTdAwBeRw,,,,14243.997986097
stake,withdraw,383TV2eonKnW8Ep6GixxdjoZq5bQ54ETa2u2eKjUiJqbLaMCM56exwAexo8NHbjzGzLHrXKTibDpmygiqoG6FaXs,null,145694804,1660328242,0.00001,,8g3YB8KxpWEAAvcjom5vSqxJAZczZBgB4pEgsssts86K,,2FsfKhVYfAqSD7QqKBde7mVyQ4DeJsEsbcdzxtEhj72U,3HDLCsoyLPA8PWcH4D3Vn38ge3RX9KAE2D6qTdAwBeRw,,,,15186.691234123
stake,withdraw,345XKCi7Ei1LFXSq98RZsY2bR34UuGsnepnmnSXPixUHVJzaBY8gyuvsDg7be32rrrg81S7uq8Px4EpfmhraLRTT,null,145694771,1660328222,0.00001,,8g3YB8KxpWEAAvcjom5vSqxJAZczZBgB4pEgsssts86K,,FZqgbkx4vvpv7xF3CDztv4ktnbar2ZTWMK4L2BhqxSD8,3HDLCsoyLPA8PWcH4D3Vn38ge3RX9KAE2D6qTdAwBeRw,,,,16906.847925758
stake,withdraw,4m75Gqp9MsfqGBUf5DT3adyQGsXLMy53hLroHrkXqoofVoBwigJzcvgBkoEeBS77hmEuekmh6NTXfrLpB3CKZJUA,null,145694745,1660328202,0.00001,,8g3YB8KxpWEAAvcjom5vSqxJAZczZBgB4pEgsssts86K,,HvwxvXmy2XRkGgptaWw5Lf5uvkEqNFw493KfQk3GiWyc,3HDLCsoyLPA8PWcH4D3Vn38ge3RX9KAE2D6qTdAwBeRw,,,,16284.955241145
stake,withdraw,Ki9dtjtf88UCy3U8TJKRogc8vhUMTP73CAiTFjWRiz5gnQT2BHEoarTqnD9qWrBrbSkVNsfaaibSQtvByivvyXa,null,145694718,1660328185,0.00001,,8g3YB8KxpWEAAvcjom5vSqxJAZczZBgB4pEgsssts86K,,7jkqLuXJkLTdPQnRCT3v7viLdKunxEbwej5QnTS8pLJs,3HDLCsoyLPA8PWcH4D3Vn38ge3RX9KAE2D6qTdAwBeRw,,,,16325.801475946
stake,withdraw,3hJKUYTubapjVBAB9omRgkopv8qM87mKCTABieZXDiBudv18YjRRXCQ1wYrDdyKosJxWZunxrxDx3sBQEQ6mr2mW,null,145694724,1660328189,0.00001,,8g3YB8KxpWEAAvcjom5vSqxJAZczZBgB4pEgsssts86K,,24XsJAR4khjPogv6QmzjKkuDSSBZBReL679NwSXHr7zY,3HDLCsoyLPA8PWcH4D3Vn38ge3RX9KAE2D6qTdAwBeRw,,,,20854.49925039
stake,withdraw,5ELPJHdnyeu1c4NpmJK68PM65HLsZfJ5p4VGXQX6LhboGxzrtu8oRTs9CFzmrbA361ssHy91iXAxHVKGogd2Y1Sv,null,145694676,1660328160,0.00001,,8g3YB8KxpWEAAvcjom5vSqxJAZczZBgB4pEgsssts86K,,4uR6ygPw1iiDUVP71BtqmfYzBK9ePLM6P61xpQb4YMm2,3HDLCsoyLPA8PWcH4D3Vn38ge3RX9KAE2D6qTdAwBeRw,,,,18606.185796745
stake,withdraw,59Boss8RqoUWKiED2YQgUTDNiFLJNRM2qEvYwJFfafV4UYSrZrDukz748RcrfcnBRfeKnQVZtpwXaA8J8uDYYhjQ,null,145694696,1660328172,0.00001,,8g3YB8KxpWEAAvcjom5vSqxJAZczZBgB4pEgsssts86K,,J1SNQvS1q2Qc595YuSTC2mov8tMfXdHUd4Cr7z63gwiA,3HDLCsoyLPA8PWcH4D3Vn38ge3RX9KAE2D6qTdAwBeRw,,,,16046.51266587
stake,withdraw,5G8zpf5ZU4iayAG5w8Kw1dE4Q7efrH6wHhfDfXj5doa9NpTJq5mp3ey7Y62mfawEMR2m2YuGDLtpM9XEyXLhcQ7X,null,145694689,1660328169,0.00001,,8g3YB8KxpWEAAvcjom5vSqxJAZczZBgB4pEgsssts86K,,AHoTTwC7fkA6GquyUnAke5hAaqd1c1amjjPksnmFwAnb,3HDLCsoyLPA8PWcH4D3Vn38ge3RX9KAE2D6qTdAwBeRw,,,,16490.052423803
stake,withdraw,3aMuawxroyQhU9kGBkp8NR9q8TZrRvezhyCq3n6bhS4NUdd6TBtnoAWK4Wo3ScFxDUgwypXREaxgG7yF6iQQQkfv,null,145694685,1660328166,0.00001,,8g3YB8KxpWEAAvcjom5vSqxJAZczZBgB4pEgsssts86K,,Hysei21gWuVVQCh3YezfXWXJAXZUfY4EstTF9xyaBDm4,3HDLCsoyLPA8PWcH4D3Vn38ge3RX9KAE2D6qTdAwBeRw,,,,16373.042978666
stake,withdraw,2e7Kx2annhH8vMZ6NM2xQq9nUFjWoMshtQf1b4vegvSdamU4T9Gp6CY5PFjHmRRuprs1WZRdjohxn6gzGaHBCRxK,null,145694611,1660328118,0.00001,,8g3YB8KxpWEAAvcjom5vSqxJAZczZBgB4pEgsssts86K,,CadDdTVQgGnNfTmr89SCZmbzqYGHDGSdmzzdVoWhzJRr,3HDLCsoyLPA8PWcH4D3Vn38ge3RX9KAE2D6qTdAwBeRw,,,,19991.199800964
stake,withdraw,5XR54h7Cqq1mQRMCrFnFtrjGC7ARoKAsL4L7tdYmD9vAck4kWNwag97gs3PDC6KVtdD5D4HNnsoGcfceVm2QhXVm,null,145694643,1660328138,0.00001,,8g3YB8KxpWEAAvcjom5vSqxJAZczZBgB4pEgsssts86K,,8CmUso5eXZGrUDwj7KnCK7B1p22s1jHUyLWnE7Q23CNm,3HDLCsoyLPA8PWcH4D3Vn38ge3RX9KAE2D6qTdAwBeRw,,,,17989.867481416
stake,withdraw,yKKupHZmBahMkbsJnJB2Ak6EFRVrZKtT4gvwMu32MNJZzuzXKLRHLHycWd3B1BSFYGYoBYBYXUQpHDd6BAm46C4,null,145694580,1660328101,0.00001,,8g3YB8KxpWEAAvcjom5vSqxJAZczZBgB4pEgsssts86K,,9wX9DEW55AptBj19JbG9z7r4DGrTYD6of3F3R2zev5sT,3HDLCsoyLPA8PWcH4D3Vn38ge3RX9KAE2D6qTdAwBeRw,,,,16254.731329776
stake,withdraw,4qsRdGJcsjoHGqM4RYC4Exw9uuGS7Rp7vnPw3Q6VzTVsEmrrPZLx9whBavgAPLLp4UWJ1qLUXAHJP8kXcNxY3vPv,null,145694620,1660328123,0.00001,,8g3YB8KxpWEAAvcjom5vSqxJAZczZBgB4pEgsssts86K,,8DLHSP9UT2FBe7upFDoLqS3HV7vbnHqc3qj843HAUxXA,3HDLCsoyLPA8PWcH4D3Vn38ge3RX9KAE2D6qTdAwBeRw,,,,14780.647478412
stake,withdraw,4WjXiccstAk5AxoHpqoszCtKXHfjHFww6hYBDYjC4jSeh7gM6wVDTLgrvJtwCLGKP3y7QWDiPayAQB4cdw7bJ8Y4,null,145694586,1660328104,0.00001,,8g3YB8KxpWEAAvcjom5vSqxJAZczZBgB4pEgsssts86K,,CLGftB6hvqsBCwZUUNKcZTpXpdybJoTVB588U4Xs6iUx,3HDLCsoyLPA8PWcH4D3Vn38ge3RX9KAE2D6qTdAwBeRw,,,,19350.034018213
stake,withdraw,5LAjzEwxQUQb1DJxBKmFVv6NFFWCEgNdzuCq7c7k1uLhU8vyii4tfbswGuGEN2xNu6WoYShXj5BV2WGh79AjjeTX,null,145694669,1660328155,0.00001,,8g3YB8KxpWEAAvcjom5vSqxJAZczZBgB4pEgsssts86K,,H8s5YToh1PJPm8SM8aZ2VmfjH2zw6qVEzaDqFaLkBJuz,3HDLCsoyLPA8PWcH4D3Vn38ge3RX9KAE2D6qTdAwBeRw,,,,16963.599811131
stake,withdraw,4sxrt7xuwG7UibnQExPrr2Z7SvDws9TG4ezGFFY8KXLfHZ1FNKvsKBwiEU7RDfd3TBV7j2BJ5gTgp1fJggZADV2i,null,145694615,1660328120,0.00001,,8g3YB8KxpWEAAvcjom5vSqxJAZczZBgB4pEgsssts86K,,EzDibbbR54JJmioUyptmFtYMQGc1w6EHQQYRbyc5dDB7,3HDLCsoyLPA8PWcH4D3Vn38ge3RX9KAE2D6qTdAwBeRw,,,,15431.072252255
stake,withdraw,5FBtsncg982b9zV1iSK5SLGEjaADrDJVAQZMC55MipEV4xrsgkS7QY7MK9Vw9u9KeAFSSoknuZckhQNTag6GtzHY,null,145694528,1660328070,0.00001,,8g3YB8KxpWEAAvcjom5vSqxJAZczZBgB4pEgsssts86K,,EbigQJgQTWDfxbLWpUKwomUefd3KTqxqjLGUJqTUfNM3,3HDLCsoyLPA8PWcH4D3Vn38ge3RX9KAE2D6qTdAwBeRw,,,,18603.26598858
stake,withdraw,2T7y39tX91dJJwBLhuLFxyqQW4c7DKJGF99vmA5wX2eL23WuHCiRr75hmhXWRQQEzGNZKDNHZGHSiVxBXJQpogHi,null,145694559,1660328087,0.00001,,8g3YB8KxpWEAAvcjom5vSqxJAZczZBgB4pEgsssts86K,,5TQn2qMEQcnZkbzx4hozznq6chtr8TZ7kRiQ7FTyS8d2,3HDLCsoyLPA8PWcH4D3Vn38ge3RX9KAE2D6qTdAwBeRw,,,,18137.879368879
stake,withdraw,33sDrRsXYfn1CHBe1fRCNrpJYmi91FGSfmyGRsx2ymnw2NB6YYj44Ew1csxAsb91kLW8JokArwkV33j3545uBsDz,null,145694521,1660328064,0.00001,,8g3YB8KxpWEAAvcjom5vSqxJAZczZBgB4pEgsssts86K,,9zjDEARJ8Ry2CJoFovn99XRdCUX2ATfRL9AoMMoKAVu6,3HDLCsoyLPA8PWcH4D3Vn38ge3RX9KAE2D6qTdAwBeRw,,,,16175.300206072
stake,withdraw,2FNnWofTnj3gBJrFGX7vbSBu9VaaTmWMMhaDpFQwwKSvcV7xZ876MuSxVhkgZ39xZKmhvfiouJ8vGH8ztBVRSApt,null,145694513,1660328058,0.00001,,8g3YB8KxpWEAAvcjom5vSqxJAZczZBgB4pEgsssts86K,,Ce2FaNadukRmPSDZtLKeYq8pubXc5rMjTLQYTvmcDoRW,3HDLCsoyLPA8PWcH4D3Vn38ge3RX9KAE2D6qTdAwBeRw,,,,15139.045831725
stake,withdraw,xwy7CKwzHrAdB9NbHHDZsL4f6jdWUL2mrprSpUB79Y6VC3JbTXLGg8aBK7No6SnyV74eWntZLiv9upodvN1H7Uq,null,145694553,1660328083,0.00001,,8g3YB8KxpWEAAvcjom5vSqxJAZczZBgB4pEgsssts86K,,EbiiU5NEd1UZ37ifp4G44Jo3VZvu93tY6a5E7Yoya176,3HDLCsoyLPA8PWcH4D3Vn38ge3RX9KAE2D6qTdAwBeRw,,,,16697.504339175
stake,withdraw,feXimetfkhvmYHwSiKChm4PwGdDNfDzReNqXSee4yjbTkLodg67WCxCbLdZJ1SAEb6gD4BFKb6hXQKkBAS1X45j,null,145694481,1660328040,0.00001,,8g3YB8KxpWEAAvcjom5vSqxJAZczZBgB4pEgsssts86K,,C7aZCJG4tHbFSrwrj9Xc4fSo8bwii1UuqK4dC1WFVTDy,3HDLCsoyLPA8PWcH4D3Vn38ge3RX9KAE2D6qTdAwBeRw,,,,17898.982281579
stake,withdraw,4KgUQhrRQKqzkCnbXt63r1q1Ft5EyMmGqspVuVcE64pM4vcTnf1mr4YijjwoRENU1uuF957Be57sEBhwaBNS1EaJ,null,145694433,1660328010,0.00001,,8g3YB8KxpWEAAvcjom5vSqxJAZczZBgB4pEgsssts86K,,5whkKhiJvBAoVyUUw9y2xZ8kf1MFWGX4Puom2cAuXLpK,3HDLCsoyLPA8PWcH4D3Vn38ge3RX9KAE2D6qTdAwBeRw,,,,17149.029762278
stake,withdraw,JzhiVgohhTTnhNHHcjnvo5SfuPmX93DvkYS6erajHX8Q1p3xpQJpZpchQaDgtuRWr6ev4p8kzVkmkhQmnpAzrEU,null,145694458,1660328026,0.00001,,8g3YB8KxpWEAAvcjom5vSqxJAZczZBgB4pEgsssts86K,,CdaiENiV9ahJuAJZmJRYUqvvQyaexzasW346mTYqPCUr,3HDLCsoyLPA8PWcH4D3Vn38ge3RX9KAE2D6qTdAwBeRw,,,,17396.838974859
stake,withdraw,3Gg77mSLYR3ReuxZBu9PZYtxudrok4cfjMyacf4ubxDUGLVmqnqU1KUysFoGR5PKHEDc8MGzDG7Xm917mibha5nU,null,145694396,1660327989,0.00001,,8g3YB8KxpWEAAvcjom5vSqxJAZczZBgB4pEgsssts86K,,CcJJUyvaiXBdiZTRJcGACNvVUKRJaLoeoutBhxwtYLFd,3HDLCsoyLPA8PWcH4D3Vn38ge3RX9KAE2D6qTdAwBeRw,,,,17911.357227119
stake,withdraw,5EQVfzjZtodYk35JMB7iHNCZXbZnqSuU6Up54c3F35ek9Z1CV1v5QwfEA5ubgSdaVWPVaCUxjRk6zSRZrvTnoAN5,null,145694439,1660328015,0.00001,,8g3YB8KxpWEAAvcjom5vSqxJAZczZBgB4pEgsssts86K,,2tuwFyMbWkt7B1oCRBqw3H21L85rkeE9tHrppuB81YbZ,3HDLCsoyLPA8PWcH4D3Vn38ge3RX9KAE2D6qTdAwBeRw,,,,17319.801815756
stake,withdraw,4Jo6DMGiPbLwNpgZTbWnZwomYf8VxGGarpwaKHkddDzH8caXXc9gAdfGD9aQNLkKNpf9xvrmU9sMjomaDmnneTQ,null,145694404,1660327994,0.00001,,8g3YB8KxpWEAAvcjom5vSqxJAZczZBgB4pEgsssts86K,,GmDSC6GfiqgAvhJPkUmSZWpiGjeEdpHsRsHrCKvg77G2,3HDLCsoyLPA8PWcH4D3Vn38ge3RX9KAE2D6qTdAwBeRw,,,,17505.63669842
stake,withdraw,3Vxuh5daCN2zrec71AYwZxxoxaKg8yKKAZvXwmTfnMdtmvMJbf96StX45bk2SyjXtBGkqYJu97yySJVGp32UXnMf,null,145694364,1660327971,0.00001,,8g3YB8KxpWEAAvcjom5vSqxJAZczZBgB4pEgsssts86K,,3GW7Gei2JLWxWQ5uPt6b9nXJ1axmiDov2KDmdbLr4aiC,3HDLCsoyLPA8PWcH4D3Vn38ge3RX9KAE2D6qTdAwBeRw,,,,21016.633575087
stake,withdraw,5p2gb2oiXPu3MxEXmt8i3RrSf1ZqcAYbsWzFM9ceVjdHtJ28qoJVZjjYRumCGgzYhm3JdZkHrm5V9ck5syWKhhgP,null,145694341,1660327958,0.00001,,8g3YB8KxpWEAAvcjom5vSqxJAZczZBgB4pEgsssts86K,,5XdBg7NppvniTeQSJ8EJChyExMfqXo1EySyRdjcwgywV,3HDLCsoyLPA8PWcH4D3Vn38ge3RX9KAE2D6qTdAwBeRw,,,,19107.149326178
stake,withdraw,4Ndo1yLDoBtFSQjGwPMKCGGy2YKyfDkb7pMH1cq2eAVgTf2qWnipLhrsuFs1UfzRJ71tvphZbd6JyCs49oxgcnz3,null,145694270,1660327912,0.00001,,8g3YB8KxpWEAAvcjom5vSqxJAZczZBgB4pEgsssts86K,,2GGYPf4XtLBjkKUZgHrLaWyyMd4aYNbr31Xni2Ps3T7z,3HDLCsoyLPA8PWcH4D3Vn38ge3RX9KAE2D6qTdAwBeRw,,,,22645.688566436
stake,withdraw,5QR1zxhuUqwG4C5S13626NxCn3c2RMN3iyBsNLULzfAbaFDFzkbNS9nsT4fpTkA3yKiQv4VbwoyckwRFVYn7XjKY,null,145694336,1660327955,0.00001,,8g3YB8KxpWEAAvcjom5vSqxJAZczZBgB4pEgsssts86K,,DDTWnjxZigjSuwc98TjrKg1dcsA9DDUSTqdzbgEYDPBd,3HDLCsoyLPA8PWcH4D3Vn38ge3RX9KAE2D6qTdAwBeRw,,,,20423.367033097
stake,withdraw,2yAQqNFbXTj6urLwdRcT3aZFo282uUR2pj4Pxi4kivwXMb8u7WNCSMmjjBiDzfPa2BUJgrYDXccinxMgEjxGYcgX,null,145694314,1660327940,0.00001,,8g3YB8KxpWEAAvcjom5vSqxJAZczZBgB4pEgsssts86K,,3MUZBtwPqkZcofbrzAVK8tGhn1y84SyEyHD8EAj4VyJf,3HDLCsoyLPA8PWcH4D3Vn38ge3RX9KAE2D6qTdAwBeRw,,,,16650.051232979
stake,withdraw,8ySXJ9tNPCTViUuM78uCtZiQefN62oVCTFC837PzNEzzeRRzRmnxvgM4ZP8dw837GkTyaoPizQE3SYY1nmofLfi,null,145694296,1660327928,0.00001,,8g3YB8KxpWEAAvcjom5vSqxJAZczZBgB4pEgsssts86K,,3shnBiFPd4mSx5y7sENU1VCdsiepu6z9ecwv3hdWUUpp,3HDLCsoyLPA8PWcH4D3Vn38ge3RX9KAE2D6qTdAwBeRw,,,,17320.252280693
stake,withdraw,5GzcKa6zzo4UBe1QrtZFJddxihiy1sFgUsKSeSxo8USeHM52o8di4mswJ6E4Y88rxLtk5LYvj7Y1SWXHb1fq3oxF,null,145694371,1660327975,0.00001,,8g3YB8KxpWEAAvcjom5vSqxJAZczZBgB4pEgsssts86K,,CXcSC4gP4TtRdLaHAM2aZ1bLYm7PqKDraaCQftgng7Af,3HDLCsoyLPA8PWcH4D3Vn38ge3RX9KAE2D6qTdAwBeRw,,,,22217.59335379
stake,withdraw,3SuCuCU9gpbEjTRoFEGpjg8XHGAYzQv8K1PpoWCzsn72hn8TQR4A7PG5QCaqSRME3Fqfb6NeXnXaKerbnXFnjEvM,null,145694292,1660327924,0.00001,,8g3YB8KxpWEAAvcjom5vSqxJAZczZBgB4pEgsssts86K,,BbS3D8MgCUyZ4RfDkUKt3A71q5epaJCBvX9MfYh1xhVB,3HDLCsoyLPA8PWcH4D3Vn38ge3RX9KAE2D6qTdAwBeRw,,,,22030.640934789
stake,withdraw,3b5h1qMbUwU7A7TfKEPsRviRaYJvLjGSfQZDothCfvj6b956k4QBQxhw92gD1BE3Te39st5tcZRzbyoX6FVJibQR,null,145694264,1660327908,0.00001,,8g3YB8KxpWEAAvcjom5vSqxJAZczZBgB4pEgsssts86K,,EzVoZaWBocXJr9kzdUVRrCwU78c6gLLcbFUrU5xwfsQY,3HDLCsoyLPA8PWcH4D3Vn38ge3RX9KAE2D6qTdAwBeRw,,,,18063.480618443
stake,withdraw,4ASpwjxr2qgGNdf8k72ziwracp4Tgvczq8CG8G2JoDuukzfcCuDFsJG4v5LJWxM2wf8TxpCQCHHzgDRrSvzCooda,null,145694225,1660327884,0.00001,,8g3YB8KxpWEAAvcjom5vSqxJAZczZBgB4pEgsssts86K,,HJdmPgF92iS3oUuTYTxE6CXbmtM3dQDemfUuTeJv2WAM,3HDLCsoyLPA8PWcH4D3Vn38ge3RX9KAE2D6qTdAwBeRw,,,,20274.396225052
stake,withdraw,28qtg6KCUH3TketpRELxGqiGKuNdKi4KB9fr6sbibaxmh9zEdEfesRws6HS5oxXMMpuxqit9zBLQDSXN15ibBu2h,null,145694256,1660327904,0.00001,,8g3YB8KxpWEAAvcjom5vSqxJAZczZBgB4pEgsssts86K,,BDu161CGBbV2m2SjF3xd652Zepzhaxes33mHka8j3wo4,3HDLCsoyLPA8PWcH4D3Vn38ge3RX9KAE2D6qTdAwBeRw,,,,0.01
stake,withdraw,31fr1NY9eMy2B1iceE66YmtQA5DdLCEaQvTRPXWoXQnomz5585jL6oWbL7YfhF5Ndj9p6woaMoMBkxNEtw1xSDcG,null,145694232,1660327889,0.00001,,8g3YB8KxpWEAAvcjom5vSqxJAZczZBgB4pEgsssts86K,,DaD4f4kEF5EEwUEQNDHXwr7wzJbhDrKHQvPin3C7uQ3c,3HDLCsoyLPA8PWcH4D3Vn38ge3RX9KAE2D6qTdAwBeRw,,,,18789.808562104
stake,withdraw,3cxEDBXL5vFBJRqytvocLYDfc8SSFJb3VzuTagqsDZPuFAowghb5LGmTM2gLU6Gt3UoohBsxyxgvku9Kyr5tgk9j,null,145694176,1660327853,0.00001,,8g3YB8KxpWEAAvcjom5vSqxJAZczZBgB4pEgsssts86K,,2fuNzydYwy5TM8GNjnHseCBCMp6pVk6RMJUaGM3L1LMw,3HDLCsoyLPA8PWcH4D3Vn38ge3RX9KAE2D6qTdAwBeRw,,,,21097.673669534
stake,withdraw,4VMcS6A8jHXSkVC69SCgB6oMk3f1ntwWB723xUR3KC6z8HQjQaDnKqRQHu3pKAbZ3A8FCP6YVoB2SqnYhA4cr4WF,null,145694191,1660327864,0.00001,,8g3YB8KxpWEAAvcjom5vSqxJAZczZBgB4pEgsssts86K,,26GXtaHTRStTvbAjWatdB6LqvgfATGLP37awTdnBr9Cx,3HDLCsoyLPA8PWcH4D3Vn38ge3RX9KAE2D6qTdAwBeRw,,,,0.01
stake,withdraw,4cav8iyUQdVxJr6hvM4kfpVt2yvfWYrBmSwHaXaeJRrpVtSDzMazaMZU75BKBhcCr9rCZsp1X7MUuJDgevcZ92P3,null,145694146,1660327836,0.00001,,8g3YB8KxpWEAAvcjom5vSqxJAZczZBgB4pEgsssts86K,,CbcauYUJ6P6BezRHnBg94cb86dQkoRTeiRVDewEqhWJs,3HDLCsoyLPA8PWcH4D3Vn38ge3RX9KAE2D6qTdAwBeRw,,,,18215.855908808
stake,withdraw,425apR7txZPDwnFxppFYTxg35f2w7unB8898tj9hzZPSaXEH3WYPA7DZS25udmwdRqQaQjVFTVJicboJeKcd4g9c,null,145694068,1660327783,0.00001,,8g3YB8KxpWEAAvcjom5vSqxJAZczZBgB4pEgsssts86K,,8fPErQ5b1Cby6b8TbBy3zjmzgLGizCVBUSC7QnkLRvo9,3HDLCsoyLPA8PWcH4D3Vn38ge3RX9KAE2D6qTdAwBeRw,,,,25188.183636214
stake,withdraw,uCKw7TQA3RoxbmpZsfpe2p5rUmE7mE6GiXiQkiqzvhiQadLXP3F68fNz54Hxx9pcYUJWfogd47MCe77xLKQL2JW,null,145694089,1660327799,0.00001,,8g3YB8KxpWEAAvcjom5vSqxJAZczZBgB4pEgsssts86K,,GDA73E8mQCnM2pBTVefDCk92B78iaccorzUKXjgq2AzR,3HDLCsoyLPA8PWcH4D3Vn38ge3RX9KAE2D6qTdAwBeRw,,,,0.01
stake,withdraw,4cSnihKnYMpmCjpqwfQegAmWAU5WXNrreTb21aNkyBtakBxtZJapYb2afqwPvMPNcnmNJbyaEEbxJ5VD4TzBpD8m,null,145694120,1660327818,0.00001,,8g3YB8KxpWEAAvcjom5vSqxJAZczZBgB4pEgsssts86K,,BxqkWmiuzngBTgVKcxcruJVj1oEXMGgA7mKGhqGkW6ng,3HDLCsoyLPA8PWcH4D3Vn38ge3RX9KAE2D6qTdAwBeRw,,,,19775.130070975
stake,withdraw,3BnWG7Dn1zEeeFGmqV7uNsje91nCRoa7d983uPD48jRikbRZusNofhGNBQqPAGrStu7WjrbdXeM6A2LL78yTado8,null,145694169,1660327849,0.00001,,8g3YB8KxpWEAAvcjom5vSqxJAZczZBgB4pEgsssts86K,,zmuRZE3fywRxTAmrMvowV8LdUsnpuKppfXink6R4rTD,3HDLCsoyLPA8PWcH4D3Vn38ge3RX9KAE2D6qTdAwBeRw,,,,17103.45359723
stake,withdraw,aPLjfStYTPL48tqJsSnP8KCcHFeB1wbTgeknp5jAtz35qDbKqceU4Jv5n9wDpHxfUNXWBPiG8KWT6yx5MkHA9H1,null,145694113,1660327815,0.00001,,8g3YB8KxpWEAAvcjom5vSqxJAZczZBgB4pEgsssts86K,,rh54nsAv11QrCnpWrBAbZvxcgqaaUNPwmR3QPgNvmnJ,3HDLCsoyLPA8PWcH4D3Vn38ge3RX9KAE2D6qTdAwBeRw,,,,20226.4955473
stake,withdraw,5zb428hqtY9E1QXspP9xKjZ7jxF3MJc5EGQkxKPCu5sxKUKSTj7ocymwa6FU27Z1GjkzaBa5pgF75SmLrd22CYbK,null,145694093,1660327801,0.00001,,8g3YB8KxpWEAAvcjom5vSqxJAZczZBgB4pEgsssts86K,,EK96MaNPqNvUJVE5ry5UWX3436ALzchRaFNE6F4vBBWa,3HDLCsoyLPA8PWcH4D3Vn38ge3RX9KAE2D6qTdAwBeRw,,,,19013.191712449
stake,withdraw,34tDo3TkC9DbSHLt3wjMREjzbmG62oR1YvZujHBAiSA8sSsjW6QFbi9dkjSXP5MW14yGVqh49NBxJ1fSPs2gThSd,null,145694011,1660327752,0.00001,,8g3YB8KxpWEAAvcjom5vSqxJAZczZBgB4pEgsssts86K,,44ryT8VCEWULn432e9N9Jh4ea9VWss7YrEXjkc7nbciA,3HDLCsoyLPA8PWcH4D3Vn38ge3RX9KAE2D6qTdAwBeRw,,,,0.01
stake,withdraw,5HwNnioN7nzE53h1QWyVvZrma4J2jR5MBUrq3B3VNBQCUFz1AxDGNGtSqcgFv9twup5Tb2vPfQ5NZQ4cevwqU319,null,145694140,1660327832,0.00001,,8g3YB8KxpWEAAvcjom5vSqxJAZczZBgB4pEgsssts86K,,59sjAAxUYBS458daDjzCcwZiDmVLXVAjFKyhsb5cx7wT,3HDLCsoyLPA8PWcH4D3Vn38ge3RX9KAE2D6qTdAwBeRw,,,,0.01
stake,withdraw,JkGdVLVtnN454XHCD4YSTC5JefhSYhwNMwUW5ffyWMDouzM2rafPKq7nQExhPSTYyjLJxmwUWATy8X8rpca9r45,null,145694072,1660327784,0.00001,,8g3YB8KxpWEAAvcjom5vSqxJAZczZBgB4pEgsssts86K,,BkHhjH7ZKGPb7KkLhEd1V7VkFk3t7pST4h7orNgPqc8j,3HDLCsoyLPA8PWcH4D3Vn38ge3RX9KAE2D6qTdAwBeRw,,,,0.01
stake,withdraw,63Zd1N7B7Z7bHNzQX1UqfLR7G5nQ8wpQdii6586QDjhXvvE4s7QaLgxxGKN4RP8zDnwfuBTshdunE7oFkDaJf1NX,null,145694036,1660327765,0.00001,,8g3YB8KxpWEAAvcjom5vSqxJAZczZBgB4pEgsssts86K,,7YQNFGZX3j8PZm4yPfmVhARH5aArD5rReUd9JtGF58Lf,3HDLCsoyLPA8PWcH4D3Vn38ge3RX9KAE2D6qTdAwBeRw,,,,0.01
stake,withdraw,4rvLoWJKT6PNciz37MDeG8uzEsSx4pcSojaFhnL2TyVKnghzwDJ2fxSS4E2UCf9fJcruagEGPZY2QfdFCgS8E74m,null,145694040,1660327767,0.00001,,8g3YB8KxpWEAAvcjom5vSqxJAZczZBgB4pEgsssts86K,,6pHgZvARRQ6gpbsDC6qo5jFGNR2XwBs8MKEQvH2cdXz9,3HDLCsoyLPA8PWcH4D3Vn38ge3RX9KAE2D6qTdAwBeRw,,,,19937.916423384
stake,withdraw,3GGqPxegfmGPfp1ELZrQwUBuM5eocUdHnRJAGqyCE874o7jwYZyj8UPiLcY1enw1o9bdG1ACYEqhrfUtFKfXu75A,null,145693975,1660327730,0.00001,,8g3YB8KxpWEAAvcjom5vSqxJAZczZBgB4pEgsssts86K,,BWxyGuTn8bJyUnWFggT7M2WhijfAU3H6qhTuxS2LmFg3,3HDLCsoyLPA8PWcH4D3Vn38ge3RX9KAE2D6qTdAwBeRw,,,,0.01
stake,withdraw,4BpBCkRy4zadp9hSoD7vzwuT6jVsrSbbUfdY4mq5KKMgtMLfPiYuuNtfATzGxyfQH6tJtDWNKjGabkKfJsYJsbmE,null,145694007,1660327749,0.00001,,8g3YB8KxpWEAAvcjom5vSqxJAZczZBgB4pEgsssts86K,,7PC3Q3EZTq1fmNTjphArrhq7sh4o6XBp82XbQQ7BX6N7,3HDLCsoyLPA8PWcH4D3Vn38ge3RX9KAE2D6qTdAwBeRw,,,,19325.417138238
stake,withdraw,58dqPtz2B1fDYUy5bYVG19kLkqC538xVT231PLw1A1DfNECGFG9RNEubXSnD4ZvWffnqoikqfaab1uFRxJ5dUum2,null,145693983,1660327735,0.00001,,8g3YB8KxpWEAAvcjom5vSqxJAZczZBgB4pEgsssts86K,,93GDKCXZL1LTdxxTfPmKrVoXn4JdXsZuEbcMGVoWsz2,3HDLCsoyLPA8PWcH4D3Vn38ge3RX9KAE2D6qTdAwBeRw,,,,19546.671191254
stake,withdraw,5vTZ785PfgPJi6P9JuPpaDZNLQ7fj9J4aTwwdiwF6Wy2DyYmbRq6U1z4xc8UWGVt4R3W9uRfyB56tDQRbJTwvw2B,null,145693951,1660327718,0.00001,,8g3YB8KxpWEAAvcjom5vSqxJAZczZBgB4pEgsssts86K,,H8UtayBj3g7vP1vPSgVAya1qLS7rymhowdx3WVBtJWse,3HDLCsoyLPA8PWcH4D3Vn38ge3RX9KAE2D6qTdAwBeRw,,,,19710.897632985
stake,withdraw,2Bg6mMAQciHqPpvxzFeEtg4BgMYmGGake8nXbGp5QrUyLfuWvp12RQyHyFTpjLDjSTZ14veZGM3cr6vPQnyWEMxo,null,145693893,1660327686,0.00001,,8g3YB8KxpWEAAvcjom5vSqxJAZczZBgB4pEgsssts86K,,4UV2YzRFkHVV5ZZXvUkkhLBQAaTZyva9V2Azvd9hNhqr,3HDLCsoyLPA8PWcH4D3Vn38ge3RX9KAE2D6qTdAwBeRw,,,,15389.310100436
stake,withdraw,2kPgvNkg51jrTFA5PHtRyQAgzDzQ5GpM6bEWsWTXKViD4Fb8ciekccV9Fne6izfPx43YwYJE1zxdsXujvrgaVrCJ,null,145693889,1660327683,0.00001,,8g3YB8KxpWEAAvcjom5vSqxJAZczZBgB4pEgsssts86K,,4btK7TU5r25ArcNDqBqX461JkMxtKsVE2TsXc5F5r2nw,3HDLCsoyLPA8PWcH4D3Vn38ge3RX9KAE2D6qTdAwBeRw,,,,13988.762600739
stake,withdraw,5N9nZQFYXy1CsV54uFJ13UAqG2E5SJkhsGT655ZdVRX3p6XKxnhRPuEUcJ8Cygn3JHWHPQo9fbpLzc99vuWzCGP4,null,145693877,1660327670,0.00001,,8g3YB8KxpWEAAvcjom5vSqxJAZczZBgB4pEgsssts86K,,3dYDq7SYwRh81Nn5sFRgrfkfCYcWVNyi78R3ecuUeAqx,3HDLCsoyLPA8PWcH4D3Vn38ge3RX9KAE2D6qTdAwBeRw,,,,21903.080935005
stake,withdraw,3xEnT4Hf7L31FZMmNt95RbLEZgqmsYurgAjG5voRDWC1R79cBmsnsFDwDyBi4vMgDAsBnUfL4KC12Vss8pgtdD54,null,145693919,1660327700,0.00001,,8g3YB8KxpWEAAvcjom5vSqxJAZczZBgB4pEgsssts86K,,DN3vsmPLxBPSE2GGhaVCxF6Jan4Dx4RF4PpuRHCvGdT,3HDLCsoyLPA8PWcH4D3Vn38ge3RX9KAE2D6qTdAwBeRw,,,,17301.732139864
stake,withdraw,5Ae2npm21hsZnMPL964TX2Rt5LAUbKcRkAumFuihnuyPYV6XBC91Yd4qdvm5Z8WSYDNd8VBzVTznSiiVoWxYDhgi,null,145693947,1660327715,0.00001,,8g3YB8KxpWEAAvcjom5vSqxJAZczZBgB4pEgsssts86K,,3Ryn3ph6H27Q798b7mFe5jkkCDsv3gBgEKiDBP9jK6wW,3HDLCsoyLPA8PWcH4D3Vn38ge3RX9KAE2D6qTdAwBeRw,,,,18955.510992661
stake,withdraw,3JXK5KWuJunqv27PLCk9HnSeA2qMKnYAM1dhs2y5JkAeQYNn4AYevsHLafr7Uqyv44jk3nN76Y1BdgADLgRRx6gX,null,145693874,1660327668,0.00001,,8g3YB8KxpWEAAvcjom5vSqxJAZczZBgB4pEgsssts86K,,5YjewR3a7zGsx1nSkUug2zdJqXifGaSyDUyQeHto4gS5,3HDLCsoyLPA8PWcH4D3Vn38ge3RX9KAE2D6qTdAwBeRw,,,,19655.383770099
stake,withdraw,2jn33VbSAY6QYydeXn5MrtgqSTaEDMZAGzScJvWTFVDRAxcGXHnQpJkCskvXAcxLchRhgTb4evxeLWMrFDM5NsP2,null,145693858,1660327657,0.00001,,8g3YB8KxpWEAAvcjom5vSqxJAZczZBgB4pEgsssts86K,,J3UyLRehz4skrE9UXcg2EJGr2KjHjA6NPpFvagbcYeMP,3HDLCsoyLPA8PWcH4D3Vn38ge3RX9KAE2D6qTdAwBeRw,,,,16958.798792863
stake,withdraw,3HrH3yDtCMxhmbGSzCdEeN93k8F2gfHzTEWupiZj9rFXHrZ4HZknBoVZ81gbXYwtvTGNMvr3zXfkYQCUUmKxrM2a,null,145693925,1660327703,0.00001,,8g3YB8KxpWEAAvcjom5vSqxJAZczZBgB4pEgsssts86K,,BP9KTevQvvYgx72MwmH2FtLuEk714NgZL3Eb5rgQCDny,3HDLCsoyLPA8PWcH4D3Vn38ge3RX9KAE2D6qTdAwBeRw,,,,18436.753608355
stake,withdraw,669hueuMc6W4FhsnfmJxX4WQVun9bLcrirY9fafgWgyJVxcyyFqxyPUXghjbrEosnK17jHfVcZtntJoK5cZWiuk1,null,145693832,1660327641,0.00001,,8g3YB8KxpWEAAvcjom5vSqxJAZczZBgB4pEgsssts86K,,fPa5E51tY3cTQwT8NTQeCbwMCez9tzeVqCvLFeJmiBb,3HDLCsoyLPA8PWcH4D3Vn38ge3RX9KAE2D6qTdAwBeRw,,,,20164.025875876
stake,withdraw,3NvQTBjMHf22n64S5iuYryvU8gUKdKhW27sWxY5v9UBGnkf5eRRFH6jyw3beNqBtTZur41hnMCe6HbFyEGhQFPvC,null,145693798,1660327619,0.00001,,8g3YB8KxpWEAAvcjom5vSqxJAZczZBgB4pEgsssts86K,,6dL83nD1dcnnQq2rnP7Ah8zdWRKH87knpSiDiUW8D4A1,3HDLCsoyLPA8PWcH4D3Vn38ge3RX9KAE2D6qTdAwBeRw,,,,15692.079940659
stake,withdraw,4GVyvqVCee8YGDpahckNzgL34YRNXPZiMzG7rt1eACWoejoU5cUusiUgykGAiytZJzdzvg2f8uY7TaCA8VAJb5kt,null,145693852,1660327653,0.00001,,8g3YB8KxpWEAAvcjom5vSqxJAZczZBgB4pEgsssts86K,,EUCzkiC4voBmg4pHkpHxfc2hhDmSjhbsW1ps3Ba5XVPZ,3HDLCsoyLPA8PWcH4D3Vn38ge3RX9KAE2D6qTdAwBeRw,,,,19551.13894882
stake,withdraw,ASd4rPxn4jj3qqQdH3mfDpJVXbcAMAMURPsGwD9u2PNCHRtZ4k3nZcxi17hU1x9wCXAiGGZgeCsiGfBQUXAL9Zg,null,145693790,1660327613,0.00001,,8g3YB8KxpWEAAvcjom5vSqxJAZczZBgB4pEgsssts86K,,EpTcka2bkG4TRJ8d4iEjLRP26EMAkGLofvPx8RVPfpV5,3HDLCsoyLPA8PWcH4D3Vn38ge3RX9KAE2D6qTdAwBeRw,,,,15940.183609596
stake,withdraw,2b4aG1jNrL2CimbiJot4B7vRmdkeapavtFJBsW2C81cRWhjtL2vW78DQ4LvMz1p2rgxKWW3uFkkE6WeEusNuK4Dv,null,145693825,1660327636,0.00001,,8g3YB8KxpWEAAvcjom5vSqxJAZczZBgB4pEgsssts86K,,6aCGphHMNBZbGWuF6Vqq26Xx2X6bnorqHz4GsQa626S7,3HDLCsoyLPA8PWcH4D3Vn38ge3RX9KAE2D6qTdAwBeRw,,,,18109.471746923
stake,withdraw,5TB3wPufuZ46jrLFcBvVXbY7v6phgQeWDZiHADPh98gPTJ5mw2iKhYjnMkcF8UJtagFLX8rqb7sTTCK7PY7ZU4NX,null,145693748,1660327583,0.00001,,8g3YB8KxpWEAAvcjom5vSqxJAZczZBgB4pEgsssts86K,,Hn3yRAVr3hPdVBN3RBvVGzgY4LJx5qeeLLhUJ7HvL6Ah,3HDLCsoyLPA8PWcH4D3Vn38ge3RX9KAE2D6qTdAwBeRw,,,,16461.612698738
stake,withdraw,2skUNmrdn4s1Jx4G6L62u5SMARCekhpZbC9ZA3Vw2khfNRhzwb9Zsv9w8ccmCutLNHTcUtsA9fPLjU7GgykbCKZ1,null,145693765,1660327592,0.00001,,8g3YB8KxpWEAAvcjom5vSqxJAZczZBgB4pEgsssts86K,,EmcXRcCT7kWrLAduUtJHzjS6QJNog585Xdm1HTECFWjN,3HDLCsoyLPA8PWcH4D3Vn38ge3RX9KAE2D6qTdAwBeRw,,,,18627.926795557
stake,withdraw,51qByGHkyP6Jd6vtC6qFHesCRaFbWrVXZao7ppS86nSLr42uDvo9uuqWAEHup6wM9xA5sv1wyHvq1QdBsxevpcaY,null,145693772,1660327600,0.00001,,8g3YB8KxpWEAAvcjom5vSqxJAZczZBgB4pEgsssts86K,,HjKHqYiqpBeDmZ7FgbrjAkn37cwF6kJmawpf3fdk78y7,3HDLCsoyLPA8PWcH4D3Vn38ge3RX9KAE2D6qTdAwBeRw,,,,16238.121437044
stake,withdraw,CC3zACDqnFzJYGz4pBSCCWnEjFjMBwaVNhKNPhKQ1rWgyaejk1UmMQREPPjcH4zBLJmtbMKY3kZjDWkMh6XUvZM,null,145693711,1660327560,0.00001,,8g3YB8KxpWEAAvcjom5vSqxJAZczZBgB4pEgsssts86K,,8ka2t25QZxjUWkdPGm5PVN2uQRL5KEzYYatVH8dvMqUr,3HDLCsoyLPA8PWcH4D3Vn38ge3RX9KAE2D6qTdAwBeRw,,,,16353.795291344
stake,withdraw,2TBj6epVsVSpwbdNkrB9F4EyE9TFrejNDEz7TmyujSFAeSitS6wPRXxWK1bYDoSZHrsazMcj22XpYPg2iPcg9US2,null,145693720,1660327565,0.00001,,8g3YB8KxpWEAAvcjom5vSqxJAZczZBgB4pEgsssts86K,,DJiL6nxKSEKjY2sq2yLPbCh8mvBtTcEg2gH9s3eDqPAz,3HDLCsoyLPA8PWcH4D3Vn38ge3RX9KAE2D6qTdAwBeRw,,,,18610.520149397
stake,withdraw,SpvaN3X31m3jKnjQzqNc5ACfZ3YGRsa9DygRbCQfhsECLZNw8uwo52QLg31xiF7bQQSQFTunor4fuM74SFYs3iz,null,145693741,1660327580,0.00001,,8g3YB8KxpWEAAvcjom5vSqxJAZczZBgB4pEgsssts86K,,3aBa4vrYAfNTY9HGMsD3t3zrAk5sD2We55tzqX4m6Hz1,3HDLCsoyLPA8PWcH4D3Vn38ge3RX9KAE2D6qTdAwBeRw,,,,19155.037603281
stake,withdraw,5fh94TKm7s8yDkw4Jox2ybmigi77pyoZa51njLrhCTb4vepf6LTM8ecsapcWs9mxfQXBUesphWq5YXYD4QrzNV78,null,145693689,1660327546,0.00001,,8g3YB8KxpWEAAvcjom5vSqxJAZczZBgB4pEgsssts86K,,3jCBWPmTejUxaZMdYMsJZzVXh269fwom6g4V6agwttPT,3HDLCsoyLPA8PWcH4D3Vn38ge3RX9KAE2D6qTdAwBeRw,,,,18529.991688102
stake,withdraw,2w381EwWB6fPomSJFcTZzrDZdv4FBvsg8eaoWTeZVdqN1mCpmr5AMJ8hs28XrMpUJGUbjRjubqNh7ztJ8i81zDrr,null,145693604,1660327490,0.00001,,8g3YB8KxpWEAAvcjom5vSqxJAZczZBgB4pEgsssts86K,,6RKwChrAMs35M1Knw5hLHSzjnaBbcqpBA718Ps6XddtD,3HDLCsoyLPA8PWcH4D3Vn38ge3RX9KAE2D6qTdAwBeRw,,,,1.01
stake,withdraw,R1u6ngFaecKGV2Bw6pdjzPMk2cEVCLCbefAUd4Hh6tWWMybqZ9osfZdzoRiydWt8oaS2QsYuAevbebnzvkoDcMo,null,145693629,1660327510,0.00001,,8g3YB8KxpWEAAvcjom5vSqxJAZczZBgB4pEgsssts86K,,HmedzdC1HHpShLaGQtoYrfTUF4SLAtBBHjrtPtTY27sb,3HDLCsoyLPA8PWcH4D3Vn38ge3RX9KAE2D6qTdAwBeRw,,,,1.01
stake,withdraw,3VBsyKBAz1RxCHBD5HikS5q8DSsmv9TyMksRNCYKvjMno2UELG6aiTirfg2gDEbbYsiJB5Yk1E1aE7FRrxEMHsbf,null,145693660,1660327531,0.00001,,8g3YB8KxpWEAAvcjom5vSqxJAZczZBgB4pEgsssts86K,,71Na79W71b5CAt8Q6ELbcYs8UVvKaNZiFefuh5CBJXcg,3HDLCsoyLPA8PWcH4D3Vn38ge3RX9KAE2D6qTdAwBeRw,,,,19154.499782034
stake,withdraw,4iFDZapWkXnp3f4HEzgy9VD68v6dLckGJVtcwySyfTLp5ETo38HaLobhL4Fs6U6b4HjrZSTeUE14itcfV3whv2uF,null,145693650,1660327525,0.00001,,8g3YB8KxpWEAAvcjom5vSqxJAZczZBgB4pEgsssts86K,,Dy3zHuoWs93yDqB7e4CP6Rz8Cbg97rs5bwY4htKuNy4B,3HDLCsoyLPA8PWcH4D3Vn38ge3RX9KAE2D6qTdAwBeRw,,,,1.01
stake,withdraw,4XNiRfX5Ffou7sAvZJjaPrzzBQY375cuotrncPrH1yECJ3y68mbCZPBBoKdjTdBrHc3MUyhihVuJoyNd2UwzqawM,null,145693585,1660327476,0.00001,,8g3YB8KxpWEAAvcjom5vSqxJAZczZBgB4pEgsssts86K,,GpZ1nRq3cQZjqdTWE5tgiasyiaAzwkydvy1e3eYV1wou,3HDLCsoyLPA8PWcH4D3Vn38ge3RX9KAE2D6qTdAwBeRw,,,,1.01
stake,withdraw,4tmwUT2ZrQrEdZ9g6r3ifDJBRkd4suQ96q8niiKmLLs7uDbNPM2AEfAMj6mjQ5JBPanPiSVbzVhMNjNVxqazQZ6c,null,145693684,1660327545,0.00001,,8g3YB8KxpWEAAvcjom5vSqxJAZczZBgB4pEgsssts86K,,BhqdJ796YV4CmXMbJPKHCYZtLBJRyfWakkYtru916tei,3HDLCsoyLPA8PWcH4D3Vn38ge3RX9KAE2D6qTdAwBeRw,,,,21453.550472856
stake,withdraw,Dd8y2xiVL5rjQck6qD9dhefVvFdc4TDw9WgwfoBt6TLQKgQZ5iDngh7RnhPHUvKS44WnRB528ixj6ebZiWbNxLp,null,145693609,1660327493,0.00001,,8g3YB8KxpWEAAvcjom5vSqxJAZczZBgB4pEgsssts86K,,GnYoTG4BFcwxRLeDLZvcX74cGmsRAqrCWCFzXQrQ9gHs,3HDLCsoyLPA8PWcH4D3Vn38ge3RX9KAE2D6qTdAwBeRw,,,,1.01
stake,withdraw,5mNynPKL9rNWvGTxkgZhUx5io61KuqhtmTNfVxVSQiqd6qAfAeRFRwoxtAE8wDGso3AiRbYPdL4p5dNvRjQmBTvp,null,145693580,1660327474,0.00001,,8g3YB8KxpWEAAvcjom5vSqxJAZczZBgB4pEgsssts86K,,CgPUVyDERDw7UVFNUAwvpbhfKfLd7q9w7DDn5PRdqwnH,3HDLCsoyLPA8PWcH4D3Vn38ge3RX9KAE2D6qTdAwBeRw,,,,1.01
stake,withdraw,2Uz1EypFyXZUuAxNA76eUujeZU3koMrYdmtXvSiF7QW1xRCLcytJZkk5Wurib4XVuRWxNbFJkrGxepE3KVfS2BrG,null,145693560,1660327462,0.00001,,8g3YB8KxpWEAAvcjom5vSqxJAZczZBgB4pEgsssts86K,,DAA8kYYq5TzYpsdb3rA7vKUtWhbMojccKZKT8EZxdvu,3HDLCsoyLPA8PWcH4D3Vn38ge3RX9KAE2D6qTdAwBeRw,,,,1.01
stake,withdraw,Td2z4dweDArsqQNPRYEv2RU2anWSxzgFhrf8A4DKpocTVFydJcYN5yMP7UkbE8KubiC6LpZCPizQjYuurLSJkH7,null,145693575,1660327470,0.00001,,8g3YB8KxpWEAAvcjom5vSqxJAZczZBgB4pEgsssts86K,,4fAXYRmNBpYTmKW3JH78UhSrLwENWeDkPQx2nWk4VPt4,3HDLCsoyLPA8PWcH4D3Vn38ge3RX9KAE2D6qTdAwBeRw,,,,1.01
stake,withdraw,5KZVjUpXgKTLZdG6LWzSaXig9hfaMEZsDEkeTJjNHsXR5WryqMEAYME3PUPgJ1RpRJmA44wtcmooTkrC1JLKimhe,null,145693530,1660327444,0.00001,,8g3YB8KxpWEAAvcjom5vSqxJAZczZBgB4pEgsssts86K,,Diw14QMgNC1MeATg6ZCK6t7H8rqkYWh5RGoq3u4uwHJm,3HDLCsoyLPA8PWcH4D3Vn38ge3RX9KAE2D6qTdAwBeRw,,,,1.01
stake,withdraw,61FSssMbJfoRGeoEWqg2Sva9px2WqKvCoEXatKmhGamGe25FLHvnCwPPEd9PJN8a8P5kuDKcV1Qh4G4JqPZu7ziF,null,145693625,1660327507,0.00001,,8g3YB8KxpWEAAvcjom5vSqxJAZczZBgB4pEgsssts86K,,BxArEbmXAiUxm1iAeNZ87cpTV9qoEfUWeRh4fMLfBKX,3HDLCsoyLPA8PWcH4D3Vn38ge3RX9KAE2D6qTdAwBeRw,,,,1.01
stake,withdraw,41rPjzc7RdP6xpQPKHgnQBXGmP9p84r4qvb3ff9q9R8wUamT7ERU1WnneUR2aBPNntPXLnwJZvFwPmdUSvv8Pqst,null,145693524,1660327440,0.00001,,8g3YB8KxpWEAAvcjom5vSqxJAZczZBgB4pEgsssts86K,,6uP1fFE8SPj1z1Pw6Pfs4EPHhuCokqEy9GMacCq4bTZf,3HDLCsoyLPA8PWcH4D3Vn38ge3RX9KAE2D6qTdAwBeRw,,,,1.01
stake,withdraw,5dpSCErKoAXp3q25FPV36QA4MS3utfJg23Lhy6zuaG2SCUZoPXKwS9hT4dg857o14Zf1vDprfAG56kri9ByjxmKL,null,145693420,1660327378,0.00001,,8g3YB8KxpWEAAvcjom5vSqxJAZczZBgB4pEgsssts86K,,4SSGwstWjKXY46nrSfJXWxomRGzRx9mjCvDVzNkYXe7j,3HDLCsoyLPA8PWcH4D3Vn38ge3RX9KAE2D6qTdAwBeRw,,,,1.01
stake,withdraw,3zbKymqjZW5RK3rCj2S1BjTQRkUdaqHkrcNiRvLC8uY2BR8uft7xXdf2n8QS73NyShD5PfqTCoJ77sgpY6zafuQT,null,145693500,1660327426,0.00001,,8g3YB8KxpWEAAvcjom5vSqxJAZczZBgB4pEgsssts86K,,2tL8WQ3xjQgk6siiGPRc5xTw7yyiaL3iPycFMVHpkdJq,3HDLCsoyLPA8PWcH4D3Vn38ge3RX9KAE2D6qTdAwBeRw,,,,1.01
stake,withdraw,2Rzi6DktRjKu9mqSpxrR18tk83WqQaNwK5gKUbs6cm4sAvr58dZXbgs49jt2ShrSR25FJQg41CPkjQ2xPhA2dSdD,null,145693415,1660327375,0.00001,,8g3YB8KxpWEAAvcjom5vSqxJAZczZBgB4pEgsssts86K,,FNmMKfzhMHqNRbyxpz9Cp7m7HXtM1KdDRHKTrPFs7mKL,3HDLCsoyLPA8PWcH4D3Vn38ge3RX9KAE2D6qTdAwBeRw,,,,1.01
stake,withdraw,gqPfJebARewZG1YiHiMrVL9Fp8oCKGB2bitnGUqxymiBfrQeFrLuHkhjSfMQSE9XyHASF374CirTwKNNHnbdwgw,null,145693459,1660327403,0.00001,,8g3YB8KxpWEAAvcjom5vSqxJAZczZBgB4pEgsssts86K,,61u1jUg2JSuRHfdGLzTd8rGHqKQ8QWxrGZvBEVk7pMRc,3HDLCsoyLPA8PWcH4D3Vn38ge3RX9KAE2D6qTdAwBeRw,,,,1.01
stake,withdraw,2adGiKchpxxEbyNiGzkFrGBUycjpCwgoZNZqjS1qatj9WYC7Tnq1VMWhhmaAzRq2P8UHTexiPVb66VJEaqduZryw,null,145693396,1660327363,0.00001,,8g3YB8KxpWEAAvcjom5vSqxJAZczZBgB4pEgsssts86K,,k3E1fReAteX9xgqQYk1KrwJtnDnXkBpDHi3rza5rHgA,3HDLCsoyLPA8PWcH4D3Vn38ge3RX9KAE2D6qTdAwBeRw,,,,1.01
stake,withdraw,2Ac1piEoo2RGDLTZk6QNvvUo8MLYbmTEeUGzSpc4G8HSrCQ8FshKv76Ps24h1mXovG4c3bFv65KDgPdBEkmbYre8,null,145693494,1660327422,0.00001,,8g3YB8KxpWEAAvcjom5vSqxJAZczZBgB4pEgsssts86K,,AcEshpAmhCW5pK5WX3HiitutiycULgvg2oqv8w7payVp,3HDLCsoyLPA8PWcH4D3Vn38ge3RX9KAE2D6qTdAwBeRw,,,,1.01
stake,withdraw,2QzVw9mSQe6QgzbTcSHq4DeUTyaYhAGMQjdTA2CPQcPAVaT42ES7i7foLBgMNMT8FxJoDntmtSBw2XH6gKZPRwL7,null,145693364,1660327339,0.00001,,8g3YB8KxpWEAAvcjom5vSqxJAZczZBgB4pEgsssts86K,,8FvyPo41qaT3gPqL96N3VaazpMyfFbV2Jm7pf1pJkrEm,3HDLCsoyLPA8PWcH4D3Vn38ge3RX9KAE2D6qTdAwBeRw,,,,1.01
stake,withdraw,2LemMgh2515QucePYqx2FV5j6DK2AZg2a9Anu6C5BxsMDd2oo1d91uc5tToDg7fACpY3LwbYwqJLxj4s3KLq6ReZ,null,145693445,1660327393,0.00001,,8g3YB8KxpWEAAvcjom5vSqxJAZczZBgB4pEgsssts86K,,FcsWXgKWRdBzyvhtNyK7HZx2Lpgfd6R2n2wLSYTJD5wV,3HDLCsoyLPA8PWcH4D3Vn38ge3RX9KAE2D6qTdAwBeRw,,,,1.01
stake,withdraw,3Deo8aK1pSQJJAkVBcs81eBmqPG8HMWQQ2DrxJaLUbhwW7StzCYeeXCAx6SGXztTHNZ2icq6oWbhtb1tGjNusHMN,null,145693469,1660327408,0.00001,,8g3YB8KxpWEAAvcjom5vSqxJAZczZBgB4pEgsssts86K,,GuF9krJS9xWdhPZ1Auwp9K3kbK91RyUtVM2nDTmzDw7b,3HDLCsoyLPA8PWcH4D3Vn38ge3RX9KAE2D6qTdAwBeRw,,,,1.01
stake,withdraw,4njCYteEQM3hPc1xKofUfz4J9fmETD1bWg9PtFwxuL7ouZGnHsEXeL7EbQdboj57rgV1VG4WgEDLPknbBpttnEnq,null,145688858,1660324545,0.00001,,8g3YB8KxpWEAAvcjom5vSqxJAZczZBgB4pEgsssts86K,,3jF5qo6SCEM9RgfQddCDwuHSuvA627HxeN9wt4sHoqWp,3HDLCsoyLPA8PWcH4D3Vn38ge3RX9KAE2D6qTdAwBeRw,,,,1.01
stake,withdraw,2c11Lpn4kj1b5QaBqyNMxwDBe3rLzWWQcjJoX7h5RXHJJqdDcyKddeCBth5AXvDbi6z5Cg31Fq5xV8ontNgYCjQZ,null,145693391,1660327358,0.00001,,8g3YB8KxpWEAAvcjom5vSqxJAZczZBgB4pEgsssts86K,,Cg6BezQxxxLToRV8aQvVgT7ZmTni1rQXdGrK3YTdAMyP,3HDLCsoyLPA8PWcH4D3Vn38ge3RX9KAE2D6qTdAwBeRw,,,,1.01
stake,withdraw,ZAsi4c1egDmkZRrRWVrhp6oLvK5mowyTGzYpki63R5X1q7epMNTe1krpA4FYkGnwKo1K9XtYLSWHuqd6sp3yqEN,null,145688540,1660324352,0.00001,,8g3YB8KxpWEAAvcjom5vSqxJAZczZBgB4pEgsssts86K,,8dhjDZbz29YGvaJuGnGHx89P4Xw5J6bz32EofADv6GY8,3HDLCsoyLPA8PWcH4D3Vn38ge3RX9KAE2D6qTdAwBeRw,,,,1.01
