program,instruction,signature,err,slot,blocktime,fee,auth1,auth2,auth3,source,destination,misc1,misc2,misc3,uiamountsystem,transfer,66wLUoVMTZg7VojuoTBUajt34K8pqW6ogkh3FgZMJhaSWiyPwxix4hwtwo7MxvMcGpn5Ex1dYPdSwuszBUrYyAHD,null,160859773,1668368217,0.00001,,,,2KEtADJXkXZReaokRU9ARWex2sYCDhmVfN4KiHa9vhh1,9uyDy9VDBw4K7xoSkhmCAm8NAFCwu4pkF6JeHUCtVKcX,,,,0
system,transfer,4AdvmebM5suAEi7DzmLsQMAHJ6h8AGXN6fXNzd5bX8MTjJRvMfwVEFmhmduUFUT1C7TzS259JpXZdr2VSgUjkfw3,null,160859768,1668368215,0.00001,,,,Bz6zbmbZn2ERVsLq4gUCgqLJCTdWYS1iN59EdSbNoPZv,9uyDy9VDBw4K7xoSkhmCAm8NAFCwu4pkF6JeHUCtVKcX,,,,576.505146902
system,transfer,4PjSzMjCwCuMM43XNzogRXYowEcPNGUYds9TYvNSFW69VDz2Y9ZAKofCS4z99ezPrLQgyWf19WU9xRTG4Y58ZKQS,null,160858372,1668367562,0.00001,,,,EhfnT6axfhj9tSR3gdJ2jQWrdx4HCcAYEQtGSbsFn3Rg,9uyDy9VDBw4K7xoSkhmCAm8NAFCwu4pkF6JeHUCtVKcX,,,,0
system,transfer,5ehUpeDYs29sFGRhLhzKLWWvZqPoa7iRfsttYkjZUULMHpq6xK3xDyqMNeZjqXnGg3gvmqgohffR2zCrPWYAMUq8,null,160858368,1668367560,0.00001,,,,vYKvhUEcq2uTxMeTQxVEoSDtA4f5wz9mf8HpKMBwJXY,9uyDy9VDBw4K7xoSkhmCAm8NAFCwu4pkF6JeHUCtVKcX,,,,0
system,transfer,3Pn9NEXJWbaj9PR8EXoDgVvqL9BH3NbdbYSeEZRG9Jy7EbotQtJBDahYzJi777zCqFbstxYM7QbXaMKwQG7TKwTS,null,160858369,1668367561,0.00001,,,,9nFtUgBmiBQWFraiPdHEwtPMerBW3gZ4Nn667pMRQW17,9uyDy9VDBw4K7xoSkhmCAm8NAFCwu4pkF6JeHUCtVKcX,,,,50
system,transfer,4Y4q1DLe62325uBrF5LADRLafxAUg8zgGLMRabCic1P7W7XFAHDXbuyzZWwdoEiC5r1uyt7kef76z2hkpXLnZAcf,null,160858342,1668367547,0.00001,,,,8Jug4J4P5gmoAHW8e7zYnr1iydVUtPKna7odt1AyZ7wc,9uyDy9VDBw4K7xoSkhmCAm8NAFCwu4pkF6JeHUCtVKcX,,,,0
system,transfer,5T7ikspmbCifksu9vWNqjFMSuu3qs3wffS9aN1K5JpuQV5nMsrcx3SqsjyPJXdPZbaSj2PvY5rpHM5aub7hThUpr,null,160858339,1668367545,0.00001,,,,2MKpoagwVMw1uZFBvq2zafJQs6i3xqiMPy1rCBYmpgRx,9uyDy9VDBw4K7xoSkhmCAm8NAFCwu4pkF6JeHUCtVKcX,,,,0
system,transfer,2jENZDfsJE77B8pxXDnsv897jv9nto6C718wWCzhXiPW41bmki9Ub87nxdp6Tcm8BC5oGy6Wa5KkGe5izG6zbEko,null,160858285,1668367519,0.00001,,,,8Y8DU4SddrAj8LroKYzVge3rYGkZUcd62Py6wVDhhTAM,9uyDy9VDBw4K7xoSkhmCAm8NAFCwu4pkF6JeHUCtVKcX,,,,4.9582026
system,transfer,4X5fcVteWP5aVZ7aFRFwmR1p1Lp4uMcatZpTQ1Z19w16cwAXXieyJVPnqTMSfyhu7N3jd7iaqHM24ZjLihmiiHNE,null,160858261,1668367505,0.00001,,,,B42guaLbysBfCGpTu2PTCsBXukZE4Kp1hyqtzPAzVsbB,9uyDy9VDBw4K7xoSkhmCAm8NAFCwu4pkF6JeHUCtVKcX,,,,19.96978448
system,transfer,PPj8cPbFQv556wzhAaHYQcSFDnBSkCNP6F9BSksVm5XzGnQcXbApQYAFrDwgZC1iRN9yFRbJrqbiAhM8HPrxYbQ,null,160858288,1668367521,0.00001,,,,FD8dsfyuK4T6276ji62RzyMMKCotc6yFoCYzZnjwzf8p,9uyDy9VDBw4K7xoSkhmCAm8NAFCwu4pkF6JeHUCtVKcX,,,,0
system,transfer,2PPhK8BnTwM6CNpUjjAGKt2fUUNnFymWbzzJYKWSsqWqoa9RQvcLwyWKMVw39yvp95EWdqF9dit762wN7AqyjE51,null,160858292,1668367523,0.00001,,,,8xrLStCNfc9bShttt9WWwsSQZv1fhWmuwbjzSEUj4QAZ,9uyDy9VDBw4K7xoSkhmCAm8NAFCwu4pkF6JeHUCtVKcX,,,,44000.003
system,transfer,tqaaFjKWsBTUfncGnuNv4x2xq27dJdzTNozNSHe9oAdLJ5eH1hppzccwrpAXNNkqjHzMaARTDkmp4A7udyLosjZ,null,160858252,1668367499,0.00001,,,,BMF7rbgiBdR5QeMDGfVCdsSvq3QGqaaRzjpdgLLK55wD,9uyDy9VDBw4K7xoSkhmCAm8NAFCwu4pkF6JeHUCtVKcX,,,,0.94580032
system,transfer,3cWztkM91jUBxBsaYD2CBp6jn65RfuYqFZMP2aNs2STqjTWpbvE5SkDz4dj8PUrDjnazaURG2jBNJjnfhEcrKN1Q,null,160858315,1668367533,0.00001,,,,CYMtorDeWEUhR1Bc8V2U6TjXzVfCEKi6Vwcoq4dLPeE,9uyDy9VDBw4K7xoSkhmCAm8NAFCwu4pkF6JeHUCtVKcX,,,,0
system,transfer,DKmp3QdK9D4AoyiqkWxw4jNfMLgMYoQ9T28PevA6MyAqdhUKos6kPHWcYetjvJiRrArzdG6uZVDxqik8yJpi1Ra,null,160858215,1668367481,0.00001,,,,7QraqMFdDRTBqyYhKHfsMLuDbSnHwcaPcGt4wEB3jPwc,9uyDy9VDBw4K7xoSkhmCAm8NAFCwu4pkF6JeHUCtVKcX,,,,21.97120736
system,transfer,5yTKbSCHU1NhZ2JGUcAT6UTSKi7n3DGVDRa78hs9HruLwBd62sbcQ7R9zrjVipSwAk3sV54EraPGxY9bL9btCV2t,null,160858173,1668367457,0.00001,,,,3NqnXGepPPddZvgHHjVrwtppZtjcMSN2wNHihZyqMKLw,9uyDy9VDBw4K7xoSkhmCAm8NAFCwu4pkF6JeHUCtVKcX,,,,999.97992412
system,transfer,28knugWQfut3ZopfY7RBrkatni5ShLdW1MNe8LKVQdeHAA8aA5MXmfbG1CAb6q7Fo3FtX1AEeTKhvTbojcZQnqvN,null,160858204,1668367475,0.00001,,,,H3PF4YjfxVQDd4J6NmV7DpeetdM3rQEq6evhCAZBbwnH,9uyDy9VDBw4K7xoSkhmCAm8NAFCwu4pkF6JeHUCtVKcX,,,,9.90698856
system,transfer,24jsGagR9DVmgmr4pZWdNwcQkFbiR4RASNBX8Tq71nmHXzYwUZRUSyVYdMCGgeQY4RBt3UASXFLvYdiZ3kHMGGCT,null,160858140,1668367441,0.00001,,,,8Lh2DVW5Lw3HgmZC55Fquno4K5auzSS7EveuLvEtCEXq,9uyDy9VDBw4K7xoSkhmCAm8NAFCwu4pkF6JeHUCtVKcX,,,,8864.62297812
system,transfer,2q2vH99cBdE29Tw9aatPawaE2qVyNjk8waRSQnp5nWm2Ys3kgGVdYL7ihBck1dutkH3JyqbAx2D1oDCB8Vbar9sV,null,160858176,1668367459,0.00001,,,,23WLhcosm9iybgNhHzLJzmJmmMRaVCwEKQ8JHj2CVCDk,9uyDy9VDBw4K7xoSkhmCAm8NAFCwu4pkF6JeHUCtVKcX,,,,51
system,transfer,3R6b1S4BxyyamNnXG93Yz3f9aJyPK8XMp6f8CFqjCFacsf7G1sdUfQPD8iKMRTn5qNQKphHDZ4zoKrGs4J1xLFJB,null,160858014,1668367381,0.00001,,,,3wY9FciTMndggsCgedVLdo8knjaEDCdjk3pvY1wcd1rw,9uyDy9VDBw4K7xoSkhmCAm8NAFCwu4pkF6JeHUCtVKcX,,,,0
system,transfer,583vAnpaCQ9HNxofZzz4ELfJyuPyJXWAPX3URMfFgDrMy6fucwXwjXZQ5SQoZNzW2WjhT2arQV7kmueR1mM19pxq,null,160858059,1668367403,0.00001,,,,H9RjsHnWaoV9gva2CXbxfsJudTGfDKksMLGiTZGKra9v,9uyDy9VDBw4K7xoSkhmCAm8NAFCwu4pkF6JeHUCtVKcX,,,,0
system,transfer,3kgkK67bpcfSWe9HZPbc7CP142cj7hnucvdgNK7jj9wULbuTitztuczttnTAXYT1V63DiopwrXJYBhR9nYarrfAN,null,160858056,1668367403,0.00001,,,,7QKPAKrTsRMB7fAqJmT8uPYwKn3FcfbmqtnfX8vwTMbK,9uyDy9VDBw4K7xoSkhmCAm8NAFCwu4pkF6JeHUCtVKcX,,,,0
system,transfer,5uBCi25cw4g1xAFgYmrjMF7XPBZCfWo4rzbjpPscpxPWeKmstN9yE9VsMviVwdVwWC8B54vzbhpfTTBecAeVNr6S,null,160858009,1668367378,0.00001,,,,DgbbEpGTAzZz4aoepxMNZ6fzzLMGX2Kwd4ZM2apDQCL5,9uyDy9VDBw4K7xoSkhmCAm8NAFCwu4pkF6JeHUCtVKcX,,,,0
system,transfer,2hnzaChGfquuy8dFnDr5WwLYATS7EPZMrdv7jpcZ8fD6n9qw9n2VA4pPBT5N26R4DKyyxcVbYQuVm6VtdQvBWkm4,null,160858012,1668367380,0.00001,,,,GhUdmnwEj3XFnpbxxht8qLqFfzfL1rMCmS48G3CZZnKU,9uyDy9VDBw4K7xoSkhmCAm8NAFCwu4pkF6JeHUCtVKcX,,,,0
system,transfer,3KMsM9i1C33XPzWkQ2HXWUVuYuKZkegG2YQR7tiUgJGtt2yLU61SuKLnzJ5w9vSBujfegawfANjTpcZAYjN2QyBb,null,160857944,1668367346,0.00001,,,,69PH2BduyvrhGttLCLmPqoY6KbWbRtQamjwT4i5Nrz1p,9uyDy9VDBw4K7xoSkhmCAm8NAFCwu4pkF6JeHUCtVKcX,,,,0
system,transfer,LNNoWDJ5CVKWKCQy5xzxGynTdyWSoTBgXPFTBr8je5XjpQVQ3nLU55E1UnwxLDfpc8LKZ2jaiNtayGbsgj81aqQ,null,160857908,1668367328,0.00001,,,,HtJAWMsSRXbyBvXm1F4PDnGFzhgfBAPciyHWMZgugejX,9uyDy9VDBw4K7xoSkhmCAm8NAFCwu4pkF6JeHUCtVKcX,,,,0
system,transfer,2pjaLFTfafoVmvy3a4piPNmeY8ZzRoHm2Ay74r4VCEDx2dQmy1hf2MXBB69gZ3Q1N3nVQc6XnHqtXxGFK6ivWf9o,null,160857984,1668367368,0.00001,,,,CHnP7GSkZrDUhiniM78F8mSwpZPwkKjLkAFiaM175kd5,9uyDy9VDBw4K7xoSkhmCAm8NAFCwu4pkF6JeHUCtVKcX,,,,0
system,transfer,5BZ9aDc6Qf6ApSphHna3QdoFRw6Aa5a1EnYGhurD5vBSREUCTw3Q3NBFUZrMCKCEnhwXZrGVqNK6Vhx9XsNTqXPG,null,160857852,1668367304,0.00001,,,,3Dp67rGxk4kUV5vncx1raBtaNFC4KFfuxXLEBWqzj4iW,9uyDy9VDBw4K7xoSkhmCAm8NAFCwu4pkF6JeHUCtVKcX,,,,0
system,transfer,SA57sQYgDxPTBRKxmtobap5AcJ3oNDaRfGnpyKWz7m29PSJFKWwykv3bYBuQJBgAyBM3m19ckhQBTNRrrNjp3bv,null,160857981,1668367367,0.00001,,,,5AmZM5qY2LZtBMVSTVzyZmUGFCgiMTD9xaRuLF8XF1hK,9uyDy9VDBw4K7xoSkhmCAm8NAFCwu4pkF6JeHUCtVKcX,,,,0
system,transfer,21Sr49pgowuHpkKSJaE648H4GqSXB18hYe47i1W3t2A327shJaLKoWdWvdt6uejBscuv9KG9kNnySDn3pTpqkSLT,null,160857913,1668367330,0.00001,,,,B1Hf1qKtV7d5M5p88g7bNEMF7V5vYgzXXz2Ym6rzZvvw,9uyDy9VDBw4K7xoSkhmCAm8NAFCwu4pkF6JeHUCtVKcX,,,,0
system,transfer,52biAsedDZL1GzUfaL5JwPWdcsgc9C5rWZJVTyAaCJE1wJ7sgZyBG7AefoiT7myY7FGn1QPS4WhtmqNsbqEwRcyp,null,160857938,1668367343,0.00001,,,,Asto3xbWDdVG9FX8DgJrXpCWbgiRuHmin8bqHwAvbtJp,9uyDy9VDBw4K7xoSkhmCAm8NAFCwu4pkF6JeHUCtVKcX,,,,0
system,transfer,3pB17pp44ZQPauFrrnyZqdjqWzyob5xt6muAvYtTGr1Gmr9RVvAk58h3TqijBojnbEKMK1pkPcrgDspe2CpnG44h,null,160857936,1668367342,0.00001,,,,88WoY5dZtZbXK2oBuWM1puDP1HFXnnEFbWEzgUCWUtKq,9uyDy9VDBw4K7xoSkhmCAm8NAFCwu4pkF6JeHUCtVKcX,,,,0
system,transfer,2KbiamEDL8shfCNg1grxXxECKuoA3pEwRi1eGTqueHxsWt6HF7sHR1nUzfaou4Bm4GUgYrxGcQBH7C2x3p2eZaWW,null,160857850,1668367303,0.00001,,,,2KEtADJXkXZReaokRU9ARWex2sYCDhmVfN4KiHa9vhh1,9uyDy9VDBw4K7xoSkhmCAm8NAFCwu4pkF6JeHUCtVKcX,,,,0
system,transfer,3uLQQTJ4XgfqTi37mxdprGkDzYCC4UtfmQmHNaLCAwwGufYqm589UJVczNPtGTbcGAxZgwheNXd1RXBcbWS5WDHB,null,160857496,1668367138,0.00001,,,,GhUdmnwEj3XFnpbxxht8qLqFfzfL1rMCmS48G3CZZnKU,9uyDy9VDBw4K7xoSkhmCAm8NAFCwu4pkF6JeHUCtVKcX,,,,6.9453136
system,transfer,4wWrkPbCYPD5XyPoPZ2yvxZpRz7uoyK4iCNwE2a14H9fDXPRRKmhgeQY6VWKs7c3MY6Q9nfLqhbbuPanJCzvKJ3j,null,160857524,1668367152,0.00001,,,,3wY9FciTMndggsCgedVLdo8knjaEDCdjk3pvY1wcd1rw,9uyDy9VDBw4K7xoSkhmCAm8NAFCwu4pkF6JeHUCtVKcX,,,,19.94136268
system,transfer,4qYA1TNw3JGSLbiEjt2NU27bCgX2vtxmKpG7LVXicmJ2iDeGSST9YJ3B9oBHt7gfSF37hZS41UPmNQUEqnAtSRWb,null,160857408,1668367097,0.00001,,,,DgbbEpGTAzZz4aoepxMNZ6fzzLMGX2Kwd4ZM2apDQCL5,9uyDy9VDBw4K7xoSkhmCAm8NAFCwu4pkF6JeHUCtVKcX,,,,64.9677102
system,transfer,a9tX7RCyLdPKwHeXwxjgaYcGYoHmUmTmFV2QQK3VcX9hkRuWyzhYjzhmXw4sRrbdf9gjr37Q7hWY8nCB6R5krNr,null,160857390,1668367087,0.00001,,,,CHnP7GSkZrDUhiniM78F8mSwpZPwkKjLkAFiaM175kd5,9uyDy9VDBw4K7xoSkhmCAm8NAFCwu4pkF6JeHUCtVKcX,,,,119.93273556
system,transfer,2eA6p29wgEiwGpW5n7i79wMn71W3t9yXC5A6pnUeYedfpHqsaTpPVy4bJyzDrUw9yk5VVPGw8DkkHwvFX8mZ8LzP,null,160857344,1668367066,0.00001,,,,5AmZM5qY2LZtBMVSTVzyZmUGFCgiMTD9xaRuLF8XF1hK,9uyDy9VDBw4K7xoSkhmCAm8NAFCwu4pkF6JeHUCtVKcX,,,,0.224415
system,transfer,2EmcXsRvvounHMsMgTmrvKtxXSCzNAqJPRiUfwHWUYecBFhUVRxThNctZs6wbw5iVdbNGMPaYT5Ep2Dcn9Rxj7at,null,160857162,1668366978,0.00001,,,,69PH2BduyvrhGttLCLmPqoY6KbWbRtQamjwT4i5Nrz1p,9uyDy9VDBw4K7xoSkhmCAm8NAFCwu4pkF6JeHUCtVKcX,,,,9.99590644
system,transfer,65mDpRSDhdrAX3S9SLdPjDSFo1hV1zsBv4eZFm5iZ3Qjyj4qdLQisPh2qipaG2mN9XHYrs18ZByxeP8Xi86aorVk,null,160857088,1668366944,0.00001,,,,Asto3xbWDdVG9FX8DgJrXpCWbgiRuHmin8bqHwAvbtJp,9uyDy9VDBw4K7xoSkhmCAm8NAFCwu4pkF6JeHUCtVKcX,,,,2.99999
system,transfer,mfXT9Mj942B8pvh9qwQfaevuoTfbyyt4ebwSkvuzKPDhLvWaE54RFo3jnA9s3zhPmG5zG4w5YAN77xcRyKr4eqh,null,160856968,1668366889,0.00001,,,,88WoY5dZtZbXK2oBuWM1puDP1HFXnnEFbWEzgUCWUtKq,9uyDy9VDBw4K7xoSkhmCAm8NAFCwu4pkF6JeHUCtVKcX,,,,38.94942822
system,transfer,qMpdY4usvYkZZtj7xodpXVKTNjueWhu9YKi9D5nGV6kE7UNNGqKjLgD7ofTeUTXPoPxcVjGjaLtLdzu9MvLCm4V,null,160856910,1668366863,0.00001,,,,B1Hf1qKtV7d5M5p88g7bNEMF7V5vYgzXXz2Ym6rzZvvw,9uyDy9VDBw4K7xoSkhmCAm8NAFCwu4pkF6JeHUCtVKcX,,,,198.99795072
system,transfer,4aFDG9TPEzLvvBRZVAAK7DUkwbGwD5WQ5VK9dXaxaRoyxEtjyNGW5st469bKb7Qreuzg11jKs2PJ4nqxsSEdB669,null,160856861,1668366841,0.00001,,,,HtJAWMsSRXbyBvXm1F4PDnGFzhgfBAPciyHWMZgugejX,9uyDy9VDBw4K7xoSkhmCAm8NAFCwu4pkF6JeHUCtVKcX,,,,13471.756705433
system,transfer,4H2CZEZYU9JvvFqPUKsrm8t22Nxs86v91SZzAJgfdfQnkMaj6Rrur7MRiiSv7dNWGiugLBwYyz4H2wefmqJA7x65,null,160856049,1668366458,0.00001,,,,3Dp67rGxk4kUV5vncx1raBtaNFC4KFfuxXLEBWqzj4iW,9uyDy9VDBw4K7xoSkhmCAm8NAFCwu4pkF6JeHUCtVKcX,,,,0.9795222
system,transfer,2Se2M5j6U1L3RsjMDckuEWtmg9qFTFYwFeXT9JqdoqtzBfD9ecg6mo55n7VAbvVx8a3weeHgTAy9ZqkVpqs5T24g,null,160856048,1668366458,0.00001,,,,2KEtADJXkXZReaokRU9ARWex2sYCDhmVfN4KiHa9vhh1,9uyDy9VDBw4K7xoSkhmCAm8NAFCwu4pkF6JeHUCtVKcX,,,,0
system,transfer,3E8nJbQQodGCFKXo4jR1DX4p42LFdLstxgCPgrngnMFeGZJHXAGbECPPjh7kWsUEae4osxVh8tPGcy6PSqokXTM,null,160856012,1668366435,0.00001,,,,2KEtADJXkXZReaokRU9ARWex2sYCDhmVfN4KiHa9vhh1,9uyDy9VDBw4K7xoSkhmCAm8NAFCwu4pkF6JeHUCtVKcX,,,,280.149619546
system,transfer,4aqCzgRHBUdi9xSvAUtQTxrpvkF9cGSRWjDC5RWRQipkSVW4zT4UGEJTubQEKS8X8ZwJbLW1FwdmJNSgtXiq3Xg5,null,159842321,1667849514,0.000005,,,,3HDLCsoyLPA8PWcH4D3Vn38ge3RX9KAE2D6qTdAwBeRw,5z7cX2efdRWBXDY3CgEpQE7A2uYaKsMCgvPkanfCZZ7K,,,,3184777.401601033
system,transfer,4XJigXP1M85Q3pxS3tkmn2AW4Ucfr5BJVZiqRAFfo1cBqAZBuKp6qukhk4EL4FAGL4m6FTEfchBv8dQtABx5Pk5A,null,157383456,1666725084,0.00001,,,,Bx7SNaHfyeLZDeja9HPsn61XYjeForHtrTxLCb6cu62o,3HDLCsoyLPA8PWcH4D3Vn38ge3RX9KAE2D6qTdAwBeRw,,,,2200.62668037
system,transfer,ecc4XxCNj6vULGW2mbfEQVSZWWDxpP5y8M6QosSaVGsRVk5uN3Kk1gxrFuUehYExyXVY6Kgwh25AuRyEyagLfPi,null,157383436,1666725075,0.00001,,,,8T7Lxkvk95nqbQ3rk9fhL58brZJ3gq5jRyHYeAEaScLs,3HDLCsoyLPA8PWcH4D3Vn38ge3RX9KAE2D6qTdAwBeRw,,,,1051.819556117
system,transfer,A6FpWP9LcxLVXzg8kt1n2ebxt5x1FEmGVnhcGiNkPy8MAgwSfHoQkzuQmnvgKufjPBiki5nikDtBKNiuFWBERiJ,null,157383368,1666725045,0.00001,,,,FzPoMxzQJRH87NVy1YJF8BqjrygzLLHz8MYjEZPhQHnL,3HDLCsoyLPA8PWcH4D3Vn38ge3RX9KAE2D6qTdAwBeRw,,,,1451.577459258
system,transfer,5f8mnbSXRW3kFaYyQ4PiEhWGTmxTaoqsYuxTH674BTAwMxHcxvnEkYWXHt5vieMVZriGB8cpa7DKVv84T9NemD5V,null,157383449,1666725081,0.00001,,,,4o27cX8MsYmyzbYq9V5a2aMTW6eC4wxonVfkik6xGYHD,3HDLCsoyLPA8PWcH4D3Vn38ge3RX9KAE2D6qTdAwBeRw,,,,1865.91935541
system,transfer,55HEDVncr2roUPk4UhEG3Ye4AFes4nmRJQnFv2J8pHeurVeXyNoGDF3M3shAvvqX9TsfP8okGksU1MFR8xVyC8mS,null,157383402,1666725059,0.00001,,,,FfM4oeeszBdHJys9yPFV6hkcZB3ea5GuMYj81aVLURVK,3HDLCsoyLPA8PWcH4D3Vn38ge3RX9KAE2D6qTdAwBeRw,,,,1456.16914897
system,transfer,DFi8JG8Co2SePy2n1XxKM3nvcmn4NJdhoihENYQBb7ZBMDaUEjvCYNESvS6ke11awpE472N5kRfJSxSteHKjUu8,null,157383362,1666725042,0.00001,,,,3ab2iWqdSjyaVVrPTJXRR9e9orqK4AMCrnc5EMEHGu2e,3HDLCsoyLPA8PWcH4D3Vn38ge3RX9KAE2D6qTdAwBeRw,,,,1731.998683963
system,transfer,5BKUQzA9tGqHPohzqHMgeNNf67SZJ5gkmzEcUFc84pSf82HmFW5cfXkxYggXdzRBm1K7bf6JgmqXvMjB45GYoNr1,null,157383443,1666725078,0.00001,,,,2nDgb2py4cjHy8dxWGPUUR5641SSHCBEjnGGcuyqCKCh,3HDLCsoyLPA8PWcH4D3Vn38ge3RX9KAE2D6qTdAwBeRw,,,,1912.476278756
system,transfer,2XZvr5ytZRjF2dAJeFzxu16qMGQY4LUgKLJoXPU2Sp1qg2Y1CiMHhjw332KNDR5fHu6S5VBCvRvw7SkvmK1ihpvT,null,157383324,1666725025,0.00001,,,,2iGccofYbsAwg9GnxJA45iRNoGQfR4oYNjnptSzNx217,3HDLCsoyLPA8PWcH4D3Vn38ge3RX9KAE2D6qTdAwBeRw,,,,1697.956236881
system,transfer,2su9iKenqKP5HMjt4XqFvbhN4PSYGruxvABhGGA7KGTrZdgnjhxurM4kRQuQ1eyv6jjpZFXtPieKaDRkeFLPPPrn,null,157383330,1666725028,0.00001,,,,ATPHtHvsQuZm3gBgm7r9fhuXWgTPB9pr6ZLD6UbDYLTP,3HDLCsoyLPA8PWcH4D3Vn38ge3RX9KAE2D6qTdAwBeRw,,,,1641.178343726
system,transfer,3DzQkDEzpo8jkdwMfPKoh27zZCb1WFijireudsVMZmjmBprSyQvD5wZmT3WLeBKwtmxfY2c5i9XVSX3rv7pErGK5,null,157383396,1666725056,0.00001,,,,2qprVNLV2BP3yApsiFgXoArtsX2oqX3hi7XsKo1vSDVP,3HDLCsoyLPA8PWcH4D3Vn38ge3RX9KAE2D6qTdAwBeRw,,,,3720.246237925
system,transfer,5eaYF8QW69e3oShyNKAYy1zz3HsYwaSz4qj2YtFKTbX3cPiQ4JTz1gPBomfjTQvviJb2J4y6RZxZL7naMTUztx71,null,157383408,1666725062,0.00001,,,,7wohoM4oWam7mRKEYCxU3xKoFf6Q7ft1wHqkfFrmaz7K,3HDLCsoyLPA8PWcH4D3Vn38ge3RX9KAE2D6qTdAwBeRw,,,,1525.85279488
system,transfer,4p4kUZXv9w1yNj7rzvF4Y8fCqHDJKoKi8MWYb1BMG86mvjtjvPpuMicjHufhwgUMcjShEvxnxcrGMxzTqKxN7HMc,null,157384252,1666725442,0.000005,,,,3HDLCsoyLPA8PWcH4D3Vn38ge3RX9KAE2D6qTdAwBeRw,8SiWXTpcTUovS2LxCvxcPdTnS5f5CCYjzmNRmB1JVEJo,,,,87802.333018783
system,transfer,4bSvDFmoSnJiFwPmf9KCvsKm2dxG5B2QvZfhxej1tB8JTLjoE71RqqZ9ySn3vfbQQGq3Vs8CYLc9EFgGWpKWW9Tg,null,157383336,1666725030,0.00001,,,,Hr7bZkosETza1xtSRgmTr8DBSMMif9RPE4U49H7LXSNu,3HDLCsoyLPA8PWcH4D3Vn38ge3RX9KAE2D6qTdAwBeRw,,,,1710.142129796
system,transfer,3THgUP9mRahucLayxayxHtXwNkuJEqW3bM6TE3pZoM9bx73gymPZCkkQ2gTiPHWig6ePM9Rwzu8Dfh4dBrszGomm,null,157383320,1666725023,0.00001,,,,2av6anjHUwvpzhbCa9vAUEEybEHs9MSU6qw3pB3o6cC7,3HDLCsoyLPA8PWcH4D3Vn38ge3RX9KAE2D6qTdAwBeRw,,,,1688.53329176
system,transfer,5yvwPCpriDMdERkbemNuMtMpNvbdPK9pqbYXNeN4tYs3RkprhtJcAFGAPBiVeJTmtMB94s8GoTaLYxoywDgPZX5b,null,157383223,1666724980,0.00001,,,,hz4sZFVC1MccN3WaSZ8YjHcZLewLw2JL7t1RfaRa4Pe,3HDLCsoyLPA8PWcH4D3Vn38ge3RX9KAE2D6qTdAwBeRw,,,,3431.409932924
system,transfer,49k7gokLSLwco6td96A25LedG4NmVyjcSV3z1mvh54ehrM5MHcwXske5wSd36VgYvGrhZNjcFHxsPupres5p3MGP,null,157383260,1666724997,0.00001,,,,AefX1EZnJ2KALA7e9BE1ktZWrzYiBvYgatB5Rv4vr2mt,3HDLCsoyLPA8PWcH4D3Vn38ge3RX9KAE2D6qTdAwBeRw,,,,2778.018481025
system,transfer,5Sgvfc6pF1Eky6aY1kC1wAjcsWqoJaH1ngZydUXghAB3QyUUGtTdkhUBmKS1c9zaTKyEjTGyXMahHF4yjevKhAv4,null,157383257,1666724995,0.00001,,,,F9EcdNAwmvV7RtD4N9ncoPgMe3coVx2YNkJFWQM5yXgV,3HDLCsoyLPA8PWcH4D3Vn38ge3RX9KAE2D6qTdAwBeRw,,,,2803.412549055
system,transfer,yGjvDyz782SJZwUrH1VE8dihEa87Yadbo7M58HomWQ1Cv2pKAMSVBJ8hv97kqqaq3ALWbPXAp4Kk9AMT4S2trMz,null,157383264,1666724999,0.00001,,,,3CvpuaRmrj2qFHQmPHiNpnHs3EosGSdbAHMbC2mqN9wB,3HDLCsoyLPA8PWcH4D3Vn38ge3RX9KAE2D6qTdAwBeRw,,,,2750.796262294
system,transfer,22FmyVvUyRfMKx7R1En1dB9LYfS3P82GSi29qaamWyJnFDjeCQYstitmPZ7FqgPb1FW616co3wSCLspepsaAVQKi,null,157383191,1666724965,0.00001,,,,91yWMWM2wtsftTtgE1HA1bseRhLAg7yCuHg5GKFHn9r3,3HDLCsoyLPA8PWcH4D3Vn38ge3RX9KAE2D6qTdAwBeRw,,,,2817.874334221
system,transfer,4jSwhh4i9AtTAhTAo8EJt6MybJ3Thf9viAKPKTre23LvrPy3cnV9HkWi4Eek9zjkkaWTAB9697ExnxHfGGdBm2Rs,null,157383216,1666724977,0.00001,,,,CKUox1FamkkPhzahNjaBytS5FCB7cJggCvcNLDLZCaDY,3HDLCsoyLPA8PWcH4D3Vn38ge3RX9KAE2D6qTdAwBeRw,,,,2884.117590294
system,transfer,5jEqP4WrPu5CwZ8Ea7TBt3bhmiDSyNcuBQPpnqNgNMNf95su2kP6aQQGZhpsyyQDwcWokrisCMdTekq7GaiSGeaD,null,157383185,1666724962,0.00001,,,,85kaUrHo3Lb4AcbVhfzceFUxEkCNBV69Uxi2HRYE5VDh,3HDLCsoyLPA8PWcH4D3Vn38ge3RX9KAE2D6qTdAwBeRw,,,,2793.761226299
system,transfer,5HdJmB9WMdX8kYxPwioAKQQv69ngGHbmCYbDt88KdXKYyBE9ax77VCuWCLH6LqDgPgRPgvpGf9muFerE4sdxFte,null,157383229,1666724983,0.00001,,,,7brZvwqepBtCLe5NhqcENFS8jPJagny2f9eVqZoRYhMz,3HDLCsoyLPA8PWcH4D3Vn38ge3RX9KAE2D6qTdAwBeRw,,,,2887.801327887
system,transfer,2sTnS2JnMbe9sUjUV92EVvur8qiVtnkaX6uEp9hXYiAHMwDk8HQcQuzgFrji4XQM3vZbQMNBXikaYmSUTALkwZ28,null,157383143,1666724944,0.00001,,,,AZhAEf79gCXexHTasaByZQS8fks73aCUkDW8rRVLiiXT,3HDLCsoyLPA8PWcH4D3Vn38ge3RX9KAE2D6qTdAwBeRw,,,,2655.007289369
system,transfer,661g53ENuNEuvzuruFWbcETVvQC8vs3vjwasnK819A5NygfvA47NUBtSuWZgDdWTyzAQA7jEZpTjHJGnhBGCBdbV,null,157383148,1666724947,0.00001,,,,7iZsWtW2dGtLowEYT88hvtDL3AWA3cwiyqcaVPwA5hUX,3HDLCsoyLPA8PWcH4D3Vn38ge3RX9KAE2D6qTdAwBeRw,,,,2575.071617567
system,transfer,kg2RY1Heox452V95r1DymYgoueBks6MjPtQWwsgbnRNTsaNVvX7EwphG3p5LJMSUhSti3vvCsRiDNgnBegkuZzv,null,157383173,1666724957,0.00001,,,,G28BTgvAEGH1QtPWhQkak7yHj5ucgno6dPRq4FyDsApU,3HDLCsoyLPA8PWcH4D3Vn38ge3RX9KAE2D6qTdAwBeRw,,,,2461.13822502
system,transfer,2dNHwEidpoNJPKN63HbHUnznCxeU7EbcPgpbXLAJDP3fzN15RMYTRJcgEyMsg1NdSJMjGYNqcmEe1k1P1YewYwBE,null,157383179,1666724960,0.00001,,,,kkSzRKB5bkrtUF2MkkPUFqFmbuPppm8dkwH9SWMULJn,3HDLCsoyLPA8PWcH4D3Vn38ge3RX9KAE2D6qTdAwBeRw,,,,3151.116695905
system,transfer,2Y2TRccjzytaqko9xpXPnqBxUXEhSWvmAbDiRhkcsH3A9rHt4LQCkwCoJFCDLVsUWB938XYUK42Z7w6D7TrcazRQ,null,157383112,1666724931,0.00001,,,,74theNPM1xGD5Pk54vV8hyBKF8Fqs1BgzTceGmcYVxiW,3HDLCsoyLPA8PWcH4D3Vn38ge3RX9KAE2D6qTdAwBeRw,,,,2800.251940307
system,transfer,3wJySHeGivkBUp66prCTCjyerbJDxy2DMzp5oPVpexHL9P5atYanRn6ApqybvTZEVEhkN3hoUk2yhMP6Xau1oWTc,null,157383140,1666724943,0.00001,,,,38mTPbpSCC3iPrdM5KKy2kXAjdSdw6GyNndMKvgHDoNv,3HDLCsoyLPA8PWcH4D3Vn38ge3RX9KAE2D6qTdAwBeRw,,,,3051.32432598
system,transfer,55rF1NkmsEsVtc4moszkbDPm7jKBpLBoXhadw5K8htyg5yLAqstqL1KfmB9gUN25kybjbUkkUc2KA5QUc4oZ3xv2,null,157383292,1666725011,0.00001,,,,6dN61K6Y9mQpjQde4ToSjUqK6CfE1XQt8EwLeBNx6Rqm,3HDLCsoyLPA8PWcH4D3Vn38ge3RX9KAE2D6qTdAwBeRw,,,,2797.536005353
system,transfer,2y1Py3WmoEtuYLg27SArUmy9Q7cD316gBUyrk8TTBHYGnsXYUxtnYAK2KYRUacHGjN6VhQMwJLps9yMt56wwMvvJ,null,157383108,1666724929,0.00001,,,,8UQ45XfTAHb8n6kMhix3MAsinKggHTGja4LE6nnQsJPf,3HDLCsoyLPA8PWcH4D3Vn38ge3RX9KAE2D6qTdAwBeRw,,,,3033.373267707
system,transfer,Mgaq8ijZkCQKazeikhXXtqu2eeReM6sn2LxXHxhGuDoB8xUwWYokR9Thhu4exZfu717dHizL5q7aFBshSQKk1Vs,null,157383097,1666724924,0.00001,,,,6UFbAZu536R6H9n2EtVEdB8dbZKLBax5eoPxDWgQZvRd,3HDLCsoyLPA8PWcH4D3Vn38ge3RX9KAE2D6qTdAwBeRw,,,,2938.33993813
system,transfer,3sgAV4Bi4uNeSs5YiFZiPCyooBQf3QhuDgBTaozEzbys4KD9WtSCXb3SVfoHbqEJkX1ugYRpbkVYLZFfox2cFaos,null,157383069,1666724912,0.00001,,,,7sFeozTSUYomDExsQTq59W58s4Fyj4xGmh8KLGxmEjzb,3HDLCsoyLPA8PWcH4D3Vn38ge3RX9KAE2D6qTdAwBeRw,,,,3038.552968791
system,transfer,3eRTY2X2QKaUSbJXNoG1HBfMhuo1AWJ1JyyEsDwBZCSdCgTsZdZbD8H7xGe8sEMbUBSD3zJpL57iwqU7jHB8vwR,null,157383065,1666724911,0.00001,,,,et1UAfLg4ZNL3j9qXDs64hC55KizrDmCZz1oPtbnAKP,3HDLCsoyLPA8PWcH4D3Vn38ge3RX9KAE2D6qTdAwBeRw,,,,2849.87662749
system,transfer,65GGNtwnAXuTZJYWTtaGpNqap9tUcrBRX4t3AjbQmmt5Xk2pWqNxjxVFV5regnRDYtwQaDRURSBecoVdviUfDgak,null,157383032,1666724897,0.00001,,,,EaRH6eMWnXKXhw1tqve6eUXnsoWYUFKeSbXUyBEqyPYJ,3HDLCsoyLPA8PWcH4D3Vn38ge3RX9KAE2D6qTdAwBeRw,,,,1500.036287704
system,transfer,4wJw4yU4xQ4hQ1p4Bx6jMMCXafFXvbdHoCcHNRGp5cuWdktX18WbNGr4w4AS278gnRjxonFhRgcbm4yKX5ZyRYsU,null,157383102,1666724926,0.00001,,,,4oSR2zEN1rXyo84x2CuMf9vRo6pdiQEALAAwpmToCHgJ,3HDLCsoyLPA8PWcH4D3Vn38ge3RX9KAE2D6qTdAwBeRw,,,,2976.573080384
system,transfer,4MYot8pdeKW7VUppugmnoEhxdCbAiqJwhb5qbbBF5TgJWaEeh73RMVAifDQhUf8YhHyr2wRkJ2W6BqHUaYXW3A3k,null,154665435,1665417637,0.000005,,,,3HDLCsoyLPA8PWcH4D3Vn38ge3RX9KAE2D6qTdAwBeRw,Gb5GKNWpmbBDiLp4LAZ5kKCtv5yCQvLMydrihGQWGaH2,,,,1
system,transfer,ierdNmis3vSd37ciBbTbAmc8wwW1oVo2p31GpN9GKEAEr2YMeV6HymngmCS6XmsmyVtQAW3YSsrcLkUvauUn9JN,null,157383036,1666724899,0.00001,,,,cCvd3F8D9ddpdyYNb911sGsMGDm6SEYVm2Dnqhw3Qjx,3HDLCsoyLPA8PWcH4D3Vn38ge3RX9KAE2D6qTdAwBeRw,,,,2483.803653323
system,transfer,yAFx4WsyZM9WNQC6ab7GTbW9GYTmx7eKj7J9g9DzRvVKMWmH7a18n1eikP21xLMqjsMb9qqQc5M5zenX1TuLq4g,null,154669027,1665419393,0.000005,,,,3HDLCsoyLPA8PWcH4D3Vn38ge3RX9KAE2D6qTdAwBeRw,Gb5GKNWpmbBDiLp4LAZ5kKCtv5yCQvLMydrihGQWGaH2,,,,500000
system,transfer,2pjKu8KT4Kry66G8u5raufgVtPf5n7C8jQwnjWcwgq7KzVDp1nr8WdeutfgkBH6tnmd7kxqpsCkjWgGGg4dHtaMi,null,154665510,1665417675,0.000005,,,,3HDLCsoyLPA8PWcH4D3Vn38ge3RX9KAE2D6qTdAwBeRw,Gb5GKNWpmbBDiLp4LAZ5kKCtv5yCQvLMydrihGQWGaH2,,,,371955.693448073
system,transfer,v6GrYhNqxJXYy9iaDvE2UBt1pwbpneMomXKeQ7agCpshXboStJ8SkKYBxQYgQL5WSye48hmkKanXKiaSuJg3Tx8,null,154668927,1665419332,0.000005,,,,6ZRCB7AAqGre6c72PRz3MHLC73VMYvJ8bi9KHf1HFpNk,3HDLCsoyLPA8PWcH4D3Vn38ge3RX9KAE2D6qTdAwBeRw,,,,500000
system,transfer,4X8bxhqigs49RK1NhBcT7QfCLQsiKvosopu86feRw1g16jPnCDJ1CiZDf6XZ7Uz9VpnFaSgHnfYUdeg9daMKz2r5,null,157381324,1666724135,0.00001,,,,EaRH6eMWnXKXhw1tqve6eUXnsoWYUFKeSbXUyBEqyPYJ,3HDLCsoyLPA8PWcH4D3Vn38ge3RX9KAE2D6qTdAwBeRw,,,,2688.643573942
system,transfer,49vo9RYzzXus4EXqshfsQguAJ7Tca2TixTqUg4t8PNovjdvxmB4ypGgtJ4Liudae7MbLBdV94bYa97FKzu7CgrPY,null,150844405,1663282785,0.000005,,,,3HDLCsoyLPA8PWcH4D3Vn38ge3RX9KAE2D6qTdAwBeRw,9TeBaycvYXKrRUv7cmB5TTu4d3KkuASMqpaHDvqV3AL1,,,,5037622.883383553
system,transfer,inTfe3Z8xiXijtV6MqKJYM9mYzjKrTtN4KdfrzKAk1QsTa5XmW7cbXtA3jyt4TGoL452ENnPFLFhcYfwaVSQ3Ss,null,150345347,1662994055,0.000005,,,,DYG1ooTxkLS5iHDkte2XK4QBrpHziDR6EEZg5VsqNpVo,3HDLCsoyLPA8PWcH4D3Vn38ge3RX9KAE2D6qTdAwBeRw,,,,484401.008764934
system,transfer,5iTJifPVUxMTXbHb8BU7kgtXQ6xq7L1YZcE4f2YMXSWFkQPn1kGP6LDpzCAaTdrx2L6LJ8VJVTCKdMQPhvf265ov,null,149943628,1662763591,0.000005,,,,3HDLCsoyLPA8PWcH4D3Vn38ge3RX9KAE2D6qTdAwBeRw,8SiWXTpcTUovS2LxCvxcPdTnS5f5CCYjzmNRmB1JVEJo,,,,354748.762718376
system,transfer,2mKJR7SJhfJWDm9QQrqVk6aNtoYqUx7LQpJKg41DuVxMmFh9ZwujEFmP6eGF7CxBHv2hyN51B5gLp2u16Ve1yDE7,null,145731989,1660350886,0.000005,,,,3HDLCsoyLPA8PWcH4D3Vn38ge3RX9KAE2D6qTdAwBeRw,31J7VodSmMhebVNmR3BVsBkv4rrpbEmGKQm1yKscsZH5,,,,3827.781541185
system,transfer,3AkNg2R7H3qTjP1UjycwmG4wHZKNPDZuLmhDMAhXk83BFpoQdYJQoMbA56sdUE8roFUrGzs2x2vkmPfCEvFDUenh,null,145714008,1660340302,0.000005,,,,3HDLCsoyLPA8PWcH4D3Vn38ge3RX9KAE2D6qTdAwBeRw,3UeNh7SFJ1MBjX7jPS2sKXBPVQiigeC3KKV8qQZqumap,,,,1
system,transfer,2jRLbsJ1veLDwTHRmrnso4wKJon65oGQJfhpstk8FstWfg6zApxw6QryMQKVbVTVjqY2hroKUSpKP9mL3qghqex1,null,145699863,1660331532,0.000005,,,,3HDLCsoyLPA8PWcH4D3Vn38ge3RX9KAE2D6qTdAwBeRw,8SiWXTpcTUovS2LxCvxcPdTnS5f5CCYjzmNRmB1JVEJo,,,,1758454.27
system,transfer,3p31KP3w21ghKgKsLNfLTk9b5no9pUtHvR2zMmHMaBWjgNYq5S97NJ5uEu6WphkW6E6fiYxCH6FKvFfkb12B3CNo,null,145730388,1660349850,0.000005,,,,3HDLCsoyLPA8PWcH4D3Vn38ge3RX9KAE2D6qTdAwBeRw,31J7VodSmMhebVNmR3BVsBkv4rrpbEmGKQm1yKscsZH5,,,,1
system,transfer,gPeP9rwYKqtnZNfkENb7qreVdmpVZy7diGrxtLbWqTNhxcqCupLj7Gk4YnwKuVJku3DqLaehkw2DFKpvk36KyRV,null,145714756,1660340677,0.00001,,,,3UeNh7SFJ1MBjX7jPS2sKXBPVQiigeC3KKV8qQZqumap,3HDLCsoyLPA8PWcH4D3Vn38ge3RX9KAE2D6qTdAwBeRw,,,,0.1
system,transfer,2sEmZ7nS1v6JHaRpPQVr7SVduTr34pqpk7gMHLQgeJ7iGKeKnST3uFVXX2Q8L27sKPWYBNpT1rjM8TefizKY27PS,null,144745680,1659754105,0.000005,,,,3HDLCsoyLPA8PWcH4D3Vn38ge3RX9KAE2D6qTdAwBeRw,8SiWXTpcTUovS2LxCvxcPdTnS5f5CCYjzmNRmB1JVEJo,,,,487705.111151637
system,transfer,2kq6oQf6JeqEWjNkGupj7jpkF3YYWEjcoAK1Zn7vyQtYzLZK1a32rYnfAWtQnKbKNWw16nrdNGYWztGTDuj29NoL,null,128655031,1649345135,0.000005,,,,3HDLCsoyLPA8PWcH4D3Vn38ge3RX9KAE2D6qTdAwBeRw,8SiWXTpcTUovS2LxCvxcPdTnS5f5CCYjzmNRmB1JVEJo,,,,295788.339067248
system,transfer,pP9QtPUwkCi4xuL7TfyPw23jNEYJiVQWuqzT8GnjvUCuFTvE6SMNBDDtcoT5p9AueFbQEq7fmCH6GVn2iwj6mbu,null,116813805,1642517795,0.000005,,,,3HDLCsoyLPA8PWcH4D3Vn38ge3RX9KAE2D6qTdAwBeRw,8SiWXTpcTUovS2LxCvxcPdTnS5f5CCYjzmNRmB1JVEJo,,,,431700
system,transfer,2hEWzjfnh756bM8YSyD3UtdENc92HaLF6qd6JCGrSSaX693duUsRFxFuvMjVyQ1erNkSrJPdkQtYvRRjVTJrtCnf,null,116723362,1642464125,0.000005,,,,GLSJiLDpstz6F5GqPRPns15XuZRqG2Be9qVjYQMu9333,3HDLCsoyLPA8PWcH4D3Vn38ge3RX9KAE2D6qTdAwBeRw,,,,32
