program,instruction,signature,err,slot,blocktime,fee,auth1,auth2,auth3,source,destination,misc1,misc2,misc3,uiamount
system,createAccount,3ZHzo5cgSYcDMMQ4xXnPc7MKDGhN8kG5uZB2d9rXRoiFNKuaKziHqai6Chpd4UdBvQjM6YJXQWLiwj7h6MDzBAan,null,159104381,1667509945,0.00001,,,,3HDLCsoyLPA8PWcH4D3Vn38ge3RX9KAE2D6qTdAwBeRw,bNivKeFPaiN3fbyWtHn2RrEvVPZ4eSi9tPKRiuCoGbf,,,,0.01
system,createAccount,2yyuVtKAyZ3WYeLDLpFvCzQSpNUesPopKuBCYf6Qph8nyCAJ2T4Yyd7Zvqkqa2VQfsRyBPdUWwrY7L5Cg8Q9Gdx9,null,159104338,1667509927,0.00001,,,,3HDLCsoyLPA8PWcH4D3Vn38ge3RX9KAE2D6qTdAwBeRw,hyWFFSqXezHgNhydcNSuvhu3meF8kPaQWyUczhkLJw6,,,,0.01
system,createAccount,4SfVsjKYkppBefjmNXbeB7VLNoMbFxRbYoGqjiVju1b7fRZV8Qopi32FcX496j8dgXDwXYJb7YgrTaHJ22YjZtPW,null,159104301,1667509911,0.00001,,,,3HDLCsoyLPA8PWcH4D3Vn38ge3RX9KAE2D6qTdAwBeRw,7Dgqy45vbKrVfBJxJryVVjg48si1ErQF2KAhrcGRHBQk,,,,0.01
system,createAccount,4ciravo3iCrbNufaqMT3WyKjhdUbyqogWR4BkrLrrFRnsEJ4RJetKxGh6wzCkCWNkiYPj5vYaJzwSQmB2pga52og,null,159104263,1667509894,0.00001,,,,3HDLCsoyLPA8PWcH4D3Vn38ge3RX9KAE2D6qTdAwBeRw,7h2j7SfEuKWjYbAXr9pLahnA2uzhxhHQpCEPLbeho9mT,,,,0.01
system,createAccount,2cVtok5hLgaSVJeidKVX875HTeeFNqGjcKEK3qFvHPrKpvPMpGd3uMJDstyez3DXZUWD1GgXGrc7FkX3CwBeeuiR,null,159104224,1667509877,0.00001,,,,3HDLCsoyLPA8PWcH4D3Vn38ge3RX9KAE2D6qTdAwBeRw,F7cRD9AjbV2bWfSszhkw4Q7jKmNLKCz9dCXyJMqLgnNK,,,,0.01
system,createAccount,5jhYjt5iNhN3Sb9uDdB5G9cadTKW5CZMnYv7iAwTNWL9dNRz26pFNJv5zZANYMekacAv8EtN6T7cFnjh4n5VrG2H,null,159104182,1667509859,0.00001,,,,3HDLCsoyLPA8PWcH4D3Vn38ge3RX9KAE2D6qTdAwBeRw,7uBpkZuhRCRqdDzo9GbZC5h9SG4rt4u7DykR55DFvHeb,,,,0.01
system,createAccount,3VJwEamRB1RgGLf4mFGfjHFacuxTAwkTasyqfNiR1UjiQxw1sx3EMsMPeibYh8jzvR5TXDe9Xhn2DtfnJSd35U1x,null,159104144,1667509841,0.00001,,,,3HDLCsoyLPA8PWcH4D3Vn38ge3RX9KAE2D6qTdAwBeRw,AybTdMomkgW4pD4ozPQMtsKXppXZPXt8QY7AVJrduiAw,,,,0.01
system,createAccount,8iXw23y937eKe8EYcSwwcDT9fP6aEwMAshCEhCQBnD9URKV6x28B4pqrgFho1reP3htvoVzfBtRmHRg5zWmob51,null,159104108,1667509824,0.00001,,,,3HDLCsoyLPA8PWcH4D3Vn38ge3RX9KAE2D6qTdAwBeRw,7vV7VVTtUNhJG3BGtf9z9VWPtbmwAFxTLs8m1CsYZES7,,,,0.01
system,createAccount,yYs6qgmicR6e93tfmCJDWhtHQACgPRZpuHmykk85ccnfEcevxuT71i61nJezHMFi2VsF3AJryQneW9E2nV38dea,null,159104068,1667509807,0.00001,,,,3HDLCsoyLPA8PWcH4D3Vn38ge3RX9KAE2D6qTdAwBeRw,9Aywub9rYWDLttGnZkttzoZBsLFTPpjk8S4ftocMbhwV,,,,0.01
system,createAccount,55WNdUUS9eSQAQgeBE6uyGW76AZpZpfdT7WdCP3eU8psZNrKdub582dPwBs9v8Nra3RgF63zwfD1mtEB4pPfAQqa,null,159104026,1667509790,0.00001,,,,3HDLCsoyLPA8PWcH4D3Vn38ge3RX9KAE2D6qTdAwBeRw,FjHeExrUVJnCebYV3tWNEn2afi7xaaouRLT6AQMRC6gs,,,,0.01
system,createAccount,4nfuzf9zTGrWYHYQGBtLzcPAZp6EiTYBfYTG16zfsjX82JgM2uHQzUTNa8QYyrET2DPFjcwbQ5EWY2h4ZwPXSbQ8,null,159103984,1667509771,0.00001,,,,3HDLCsoyLPA8PWcH4D3Vn38ge3RX9KAE2D6qTdAwBeRw,FCsweTfvSLRSt6QvowTduEQYjrHPjtifq2Dx1wuDECnK,,,,0.01
system,createAccount,32bhk6KHxjWc9otmggBZsJs6PA5FZLGTDBaCVKVW5QhP6cCNFisVPKcKUthuAjQDc9cr3uUAPCNbs7gHfrnmHHYY,null,159103939,1667509752,0.00001,,,,3HDLCsoyLPA8PWcH4D3Vn38ge3RX9KAE2D6qTdAwBeRw,GimtLqqDE7mRxJRNuEP22ZPQeXwx8mrhhGZWEXmk7mtP,,,,0.01
system,createAccount,2pTH63Qvjpb7PnUCFcuzfrVVTamWqDWPCxqj33t8hLsrKg5EEKkP7UyW4A6ytQLHJSxuYV6wACXX32TVPs3TgeZa,null,159103858,1667509715,0.00001,,,,3HDLCsoyLPA8PWcH4D3Vn38ge3RX9KAE2D6qTdAwBeRw,78GQDFxoyp7eCmgovKWt71nBqSFmpVaJkw6S1y3gVayn,,,,0.01
system,createAccount,4YRBepHr2ZzDZ92vyiV6yQEUgjnqsneUpzALG1hRc8BsRyPRMLjjrCA1eE9kLVnz9dutPXZ1cYQkotgQXeWLan5U,null,159103898,1667509734,0.00001,,,,3HDLCsoyLPA8PWcH4D3Vn38ge3RX9KAE2D6qTdAwBeRw,7ipMycNj4WpuS857h8rJX5u1nYLSJXhVoWHhLisNEinN,,,,0.01
system,createAccount,26zrWiHhdXD9V5W28K6ZJZU95rwQPUqc3FRmMcWJ9J9oTiaYzdH8x9Wk8iRY8RHZ4xQ1W9FhtgDPZHhapywsVCb2,null,159103819,1667509698,0.00001,,,,3HDLCsoyLPA8PWcH4D3Vn38ge3RX9KAE2D6qTdAwBeRw,GSYSJaymgDqptijrycHysBMsdis59rCcuvER3uMJHU9T,,,,0.01
system,createAccount,SrmdnHQDDM5e5XFxa3BqCWpMvxhDeyTVF4K3n7iTWBreZQ88ZeAGnipq4ii2xbZ7kBSbHWcA6yqgziXsDyEx3Fm,null,159103782,1667509679,0.00001,,,,3HDLCsoyLPA8PWcH4D3Vn38ge3RX9KAE2D6qTdAwBeRw,BtYyAxhAS7G37MrScihtcM4ra3MWkBpfwhfKMGi2Enwo,,,,0.01
system,createAccount,25yKmtEBiKBHqbZR6N6UhFeie4rM5AGVeKhWQaDEW9KFUQ4rEZ6UmKvPbRZnUDiMKtqYEBEVwcPMjof2qtxnFxYg,null,159103740,1667509662,0.00001,,,,3HDLCsoyLPA8PWcH4D3Vn38ge3RX9KAE2D6qTdAwBeRw,BcVoYnRFyzdNnyzqsBmfqspD2eSAsy2vDR77QM13onZM,,,,0.01
system,createAccount,63KPibayXVrAUUin3Q3oBw4DRhNgGykRocvvPBe5ea4YDokvJY5Q21EEE9u6QTkjmd9hWE5rk3137XiScV5w37Vf,null,159103692,1667509642,0.00001,,,,3HDLCsoyLPA8PWcH4D3Vn38ge3RX9KAE2D6qTdAwBeRw,EzhkcGcWqCxZGQu5Q5YhwPuMaqRcToXr1AzwVjYxYXPD,,,,0.01
system,createAccount,4qhWGkv2TnuU6cvMDFqLdB9hi9TwiwL5eNJBxCVCe3m3tqEpmFZUwgV1mvTUguNN9KcJnugMiSHEbK8ZbT71EWfB,null,159103653,1667509625,0.00001,,,,3HDLCsoyLPA8PWcH4D3Vn38ge3RX9KAE2D6qTdAwBeRw,6H7akr5PpjHHKHqrcqMzDy6d5Xz6zurbEKTsjfV3iwct,,,,0.01
system,createAccount,3RfPtWuzv3486gkRqaKBHyvJCDxBxoHRGKdCF2PssmzezsjaRtr253AvL4SNDw8CYAJzoJsFATnLvt9VZRTtrsqA,null,159103612,1667509608,0.00001,,,,3HDLCsoyLPA8PWcH4D3Vn38ge3RX9KAE2D6qTdAwBeRw,CnAXe1AqvxfExCZcYoNDGnS5QBA5zZnnh5cWYaMZLcCy,,,,0.01
system,createAccount,5JWCMVhLMw7tbGe27T28o6LsKPhLSUS9ohgoWRJY8fEtwwG5aGcgLqxpEw5JuWRHz8GLWpvUWDkYghHac6vZuMrU,null,159103572,1667509591,0.00001,,,,3HDLCsoyLPA8PWcH4D3Vn38ge3RX9KAE2D6qTdAwBeRw,9kKNULsmA1EEhEjEU63d1413WbnSaPtKu6T1nadhBooQ,,,,0.01
system,createAccount,5nuub57WSMjEHevhJePwdgyEpLsfpJ1rrjKKBNYbLg598veQ4SmkZQrDW8wz7KZMRWuonVUvRawwPgSpnL2C2Eiw,null,159103520,1667509569,0.00001,,,,3HDLCsoyLPA8PWcH4D3Vn38ge3RX9KAE2D6qTdAwBeRw,h5C4hNFi1jYMZqioc6q64ua7sj4sGi4osYapkF2wj43,,,,0.01
system,createAccount,2KviVM4GgcQoUuE37y2z8AxEFbJ49H9XzeLW6hL6LpLUJfEosZoCwvhQEgaWbBKPzT2JMiFWagv9xx4tj6fSKTv5,null,154664720,1665417278,0.00001,,,,3HDLCsoyLPA8PWcH4D3Vn38ge3RX9KAE2D6qTdAwBeRw,Gb5GKNWpmbBDiLp4LAZ5kKCtv5yCQvLMydrihGQWGaH2,,,,0.01
system,createAccount,2x88hm8eswBzYhmgdpwZ4zjZ47KBKKHYfSpL71Futym9F2bsRnSCGy4iDUK3cNumqzKKPpd6M1qzTyRBuNTWqPcq,null,153531419,1664822930,0.00001,,,,3HDLCsoyLPA8PWcH4D3Vn38ge3RX9KAE2D6qTdAwBeRw,fqzrMcHwfxTbezJ8wzoYYij5rGKjQSTRHjotTdgQs7V,,,,0.01
system,createAccount,59o6iyuKZ7UEjaweSMTjQgWhq8WdfiSpnwBM5oBY6fj7xoT4H8KHbNNUgUNuo2aybb4YeVr7J7iVLBf29BDuKY3h,null,153531460,1664822954,0.00001,,,,3HDLCsoyLPA8PWcH4D3Vn38ge3RX9KAE2D6qTdAwBeRw,6qGz1xiWEfywGnrjLongiPQdDppocUUZzfeeeDfzNCiq,,,,0.01
system,createAccount,5vjD8AdmWbrb2gEGHMyot4rzCk9CJ1CpmiVvzjotT15jD33zqkbrcJjwJEDKWSJALYPSW8bWcfSPsjU4xANhA6ej,null,153531375,1664822906,0.00001,,,,3HDLCsoyLPA8PWcH4D3Vn38ge3RX9KAE2D6qTdAwBeRw,Aq5timjC3mgyvFPaWdVRVeyeB6Wr4MoWuxbwdT8jhaff,,,,0.01
system,createAccount,33U9WELosnfKcuC62213X3PAx1ij94kwrAsHavKsktJ27uuFkFTfaB57bEQXrTErhZUkFo35WkKHjdmqhZ47utiq,null,153529581,1664821884,0.00001,,,,3HDLCsoyLPA8PWcH4D3Vn38ge3RX9KAE2D6qTdAwBeRw,AqM8ijNV3VDXHxR3T4Nmrsw6JDUif8Mi6nLbe1E2noAw,,,,0.01
system,createAccount,m3oUAo1dJimBaCFbcEGizNX8wVCcQxmprcu1WqKEyyDRcXvV12ZjqHBbrmyD6j9RW1QiA2mddVtvNEcmvoW3TAu,null,153529673,1664821933,0.00001,,,,3HDLCsoyLPA8PWcH4D3Vn38ge3RX9KAE2D6qTdAwBeRw,5qw2V3vd8RzsVKw3xvGU8r6F1PzbZsUPB18akq436U71,,,,0.01
system,createAccount,4XcweK18WVqcxpXsy4zghEkaR46v9w8aPfu56ELm4de8hK1HzP3otx4tzrbYRJB9V48Em4Ci9BTAu5LGDGXnPfc3,null,153529633,1664821911,0.00001,,,,3HDLCsoyLPA8PWcH4D3Vn38ge3RX9KAE2D6qTdAwBeRw,55jghCxx3Ayyudabs3oD9B4GEmz2Byp7K4h4Q4p1CdQT,,,,0.01
system,createAccount,4Le8xaiUGuDK4b9TfqBGgb8cvwrjhY8Bn3BfswvAegXdsKuAHgKudDCjM9Wt8pYf2PR3X6x47QyGpHKr7uFgrwaU,null,153529548,1664821862,0.00001,,,,3HDLCsoyLPA8PWcH4D3Vn38ge3RX9KAE2D6qTdAwBeRw,8WcimxdQ81cHU7322ft3hkFkFfNXZbbJRV3RhUdDyHt2,,,,0.01
system,createAccount,3d66d2oeRGG1spJcxk3HAMxhhWUcZgqCKGrKC2tHJ8FQekL3CBZ8ZRzjADUHLWsk9xDwxjhHvaF9Ya9yk1gBA3J4,null,153529510,1664821842,0.00001,,,,3HDLCsoyLPA8PWcH4D3Vn38ge3RX9KAE2D6qTdAwBeRw,8u9PDNDevCAFzD8hbRVp7wc2EPKuGif8JQiRky3JtNng,,,,0.01
system,createAccount,47THFNSQM1Sena8Sa4Q3oTLBFgxQSwnEqFYbpzJiwy2R7YWWUgDf7UrGfkzVuZGVUsQ3PeXP8yqkBqbV6hwiY6Cm,null,153529448,1664821806,0.00001,,,,3HDLCsoyLPA8PWcH4D3Vn38ge3RX9KAE2D6qTdAwBeRw,Hf4FXTsYsK6qTR4v1m9ZLFqJrQNYtJ9hNCLocNNZMvhm,,,,0.01
system,createAccount,2Q7Y2ojnDZJjyhY9xvWK21Yca7m2FzaGeCEeyw9Mrjf9Uohz9SCER1z79udMb93KjB8eE8xSWNboTbJk5LkH5cpv,null,153529348,1664821750,0.00001,,,,3HDLCsoyLPA8PWcH4D3Vn38ge3RX9KAE2D6qTdAwBeRw,7eecETgqAzrpspBngCFG1pfQoLX15HmgmcZG1EGHfqCn,,,,0.01
system,createAccount,3B2Z1QTmjDUqRVGSqh16dZ3aBzfTfm7GXSb8Ykur2BwkbcT3QSSVXRmRfhNFrykk1XioHQr7yKCEGnkXcBWGdW6f,null,153529319,1664821732,0.00001,,,,3HDLCsoyLPA8PWcH4D3Vn38ge3RX9KAE2D6qTdAwBeRw,4Qh2iVbsbGQ86dLz6dghE2n3Kk6pfBU3eq7jW6emJHFB,,,,0.01
system,createAccount,u1gEWj9VXvYryPLGyVJrLvWhU72N5Um5XykehyZbvjBsXawEbGfwFN977Sjxvvp2FtqqxVMBbYL9SYYxMwsKZni,null,153529272,1664821704,0.00001,,,,3HDLCsoyLPA8PWcH4D3Vn38ge3RX9KAE2D6qTdAwBeRw,GZTy6n3k6rZWfG8g5SRBwZFBZkggXxooXddCVD9nmQoH,,,,0.01
system,createAccount,67WngTaY7oRvb6isgHfJ3VxN1VSzjsH9Mf6xUc6mZgLdS4G1LXJkojhwJ9ECMSdTw9kKDcgzs8As8RTvdCkJR9a5,null,153529240,1664821685,0.00001,,,,3HDLCsoyLPA8PWcH4D3Vn38ge3RX9KAE2D6qTdAwBeRw,7FUnhD2iii2DSY2dqc5RskXjugLaZvpdWufUzRLLNz26,,,,0.01
system,createAccount,UCfaW4osPCJtmV4oBbxayeQQZNMkLb97WpUxwY9GFap2mvCQVdVBkjqdCxR42X8bb1YauoDVocrzjtuwFnXbL3X,null,153529211,1664821667,0.00001,,,,3HDLCsoyLPA8PWcH4D3Vn38ge3RX9KAE2D6qTdAwBeRw,2GghYu5Lo6jqTh1yw7FwTtsnMAHdE5E4isU7XEk5YfEE,,,,0.01
system,createAccount,2WbpioyDNARzgpDJcoB4jYLhgtqovyaQrCcUgc6ZxKbafsgdUPAACrd7ggcr7fWt1D6yuXYSchuLfH3QYBMRabzi,null,153529176,1664821650,0.00001,,,,3HDLCsoyLPA8PWcH4D3Vn38ge3RX9KAE2D6qTdAwBeRw,73nC6kjCbiqAnLYcmu7t3Jp2Nfn2ttf4T7oRWHXo6oS1,,,,0.01
system,createAccount,3JAtABZDhYjvHRHU9n2Cq6FgT65tnGPgitsMJa7PNcJuRQfoEAskUfSsjcZzK29Au8Co5AvpF8abS82WC6ezf4dH,null,153529096,1664821601,0.00001,,,,3HDLCsoyLPA8PWcH4D3Vn38ge3RX9KAE2D6qTdAwBeRw,HrQSdyEFyWkmkFzzJtp6qsPCfdCQbs4nYTpKC8HPJGy5,,,,0.01
system,createAccount,5rZua3ZtjHqQ7vZs879EExL8tFdPp97rbRgiMx1J3o11nMKZ8RW9LD2AnrA53AqDJH7y6wiwArYpegJcuuj5paog,null,153529125,1664821618,0.00001,,,,3HDLCsoyLPA8PWcH4D3Vn38ge3RX9KAE2D6qTdAwBeRw,HJZiAPJhTuRS85WuvQz52HhGmZ66HSvN3QRw5jvVA25M,,,,0.01
system,createAccount,4FXJRm3jiohiCxFLJH7mza9W7vtm4TqCNfgsp64Hq2XZYxbUfdPBB1h8cPiRhvAShjPpQ1BLvFZPy9ya61Dw3Hzo,null,153529399,1664821778,0.00001,,,,3HDLCsoyLPA8PWcH4D3Vn38ge3RX9KAE2D6qTdAwBeRw,yGMY6M7Bnp3gR6192KZoBFopJ1kYKXchXVVz6T96zvU,,,,0.01
system,createAccount,gfiMKqzJwNzaum5nzTPxwqY7PTw5d9WK8YvdGfcn4w7xwFHkBrhR9X99dmc7uSaC3qR5goBcwnvc3pCwPu6NbHB,null,153529044,1664821572,0.00001,,,,3HDLCsoyLPA8PWcH4D3Vn38ge3RX9KAE2D6qTdAwBeRw,EpHhUXboS64xurYyfN1fv1FQ1F6mVKRURruo37BsGVr1,,,,0.01
system,createAccount,ePXZTWy5GiM2LjDxkY7RKw3X36JMYRa5HmXNv7jRBw61iMpwgNyRpYLGoStMrEcS9S4VgVRpmirYnKXyHN6aSzA,null,153529010,1664821549,0.00001,,,,3HDLCsoyLPA8PWcH4D3Vn38ge3RX9KAE2D6qTdAwBeRw,5YztZfcgeGoZAQDvrdfN4kSU7THSycyLtRx1iiMcA34d,,,,0.01
system,createAccount,4dSHT3sAPjY6zxYS9HmgWb4MZR48RRjd71D2Yq4dxhe4MqGNhihpE2UvYLS9pcxoyUGgZXTodgacUXvkKaTDY1T7,null,153528977,1664821529,0.00001,,,,3HDLCsoyLPA8PWcH4D3Vn38ge3RX9KAE2D6qTdAwBeRw,AeiGr11Z74uDz4AxieF3J3hbpVtGNr3H6DmyQ3k7PFAW,,,,0.01
system,createAccount,384gZVkkgcNjjT4nEuo3fpEFnJR9ioNJDZfsefoJ4JhiaaAshPhV62PxK8GQARuFvABMoonJ5ABRtVPeiDXBnzYH,null,153528942,1664821509,0.00001,,,,3HDLCsoyLPA8PWcH4D3Vn38ge3RX9KAE2D6qTdAwBeRw,2Bo3vchq1fSKiUudQmTYVq75yXjBuuyXLFL5dT7uyr1h,,,,0.01
system,createAccount,j4iKsFkiKxAM9nbdzYnm8eWyDTUJ8iNY9zGHWdaWGPgxm2E3fL8DkP4Wk2JCnMC8UMtmT8gqyWVy7NF2mngUCKS,null,148686332,1662058474,0.00001,,,,3HDLCsoyLPA8PWcH4D3Vn38ge3RX9KAE2D6qTdAwBeRw,69tmLUY98AHbQWWY7UwDFqq3pRfdbSK6ggDmZRt2fH4w,,,,0.01
system,createAccount,2CuiJfwn7Pfxq68HB674GrN17LCevnue3RGxRUWCax61cuWXwi7n5KKwNwqxDH4FkL2bRUedbSX67b5dMMZHsw3k,null,148686295,1662058457,0.00001,,,,3HDLCsoyLPA8PWcH4D3Vn38ge3RX9KAE2D6qTdAwBeRw,5sPcS2viKr8kViFgnusxho7watEwENKNbzXsKE3HFUCA,,,,0.01
system,createAccount,KKEfKYpEnYUNsp1GaPPgwzVaq168eQXECnvGSDEk3jUWgAxn8oyNU4rKsAhSMYbjRKSesXJFoH2VTSRwyGQxfw8,null,148686251,1662058436,0.00001,,,,3HDLCsoyLPA8PWcH4D3Vn38ge3RX9KAE2D6qTdAwBeRw,HQuERyBregzvE575Dndk8HqLbsk8AbYaVtw7Anexx5Rg,,,,0.01
system,createAccount,4MAua7ckqFMYZ7Ja8EpwwKTZcL5VRhaWEvZ8jmQ5mJ23VkAV7svnpnLC3PukbnPf15EEBBWfRgyDqFnWPDbNtDDU,null,148686096,1662058353,0.00001,,,,3HDLCsoyLPA8PWcH4D3Vn38ge3RX9KAE2D6qTdAwBeRw,DTvPGXaYe3txhHHTY4tSfqEPLnQW6Pa52WeLomtAjDx3,,,,0.01
system,createAccount,5yuVKxhQtQmMQeiNBwWEdiUm1jsLGMT3wi1qkTStx37tao8bmPU2UZE5ean61SQtkoRiNWsB64HwaKUzVuRjEWFe,null,148686152,1662058380,0.00001,,,,3HDLCsoyLPA8PWcH4D3Vn38ge3RX9KAE2D6qTdAwBeRw,EErga3Mda3kA5J5Ev4YGrnR8KhWH4qTDnLWLN9PhH317,,,,0.01
system,createAccount,32T6Homtzefmiw6zkb9M7SCgEtsEqm563es41qH9KgM6ARPydiLJdTfrHsxw3Prut5wNkJwu3HkP8xc55jNQwbk5,null,148686192,1662058406,0.00001,,,,3HDLCsoyLPA8PWcH4D3Vn38ge3RX9KAE2D6qTdAwBeRw,3Z8X6gBV75dBfztF8fyy1sYVEBLfkoi3wVvDZZ38zonn,,,,0.01
system,createAccount,46qV1vruTaE697cUUu2nagQTA3TGUMk88zajUATZ2z9hRk78Qf91kQPR2p8BmBGBSjWrRg5jyiYKhF7qPPTWKNMk,null,148686060,1662058335,0.00001,,,,3HDLCsoyLPA8PWcH4D3Vn38ge3RX9KAE2D6qTdAwBeRw,Fn7Rz19fARu9nFaoKab4nCwHdJWYz7QK31mbhhvF4ksx,,,,0.01
system,createAccount,3b3UdzjJYWFEB7jbff6KwFU6FjhiAb7sKYcSnJFXJuh18XYqxZK6AypgK3qNrxY4TFjR6o88Hf5g6ifpCqrxcPkr,null,148686028,1662058315,0.00001,,,,3HDLCsoyLPA8PWcH4D3Vn38ge3RX9KAE2D6qTdAwBeRw,4g6nGdQwUFxJ664GDt1n6x2yr7p4tyqYs3kMKPEjkRB2,,,,0.01
system,createAccount,2AdPJkr4wMePQLfRyMKfGGwMwDZELvwPKq4evPq75eDuQDywzPQ9sSqfKm8w4K8bHzYmiohiq3EhVFR8SDtTxPV6,null,148685927,1662058258,0.00001,,,,3HDLCsoyLPA8PWcH4D3Vn38ge3RX9KAE2D6qTdAwBeRw,8pCJiFvAs9yqnqgmiymTsJqyvBjVNHJFXc5Q84mec5Dz,,,,0.01
system,createAccount,5Q4a2R9dvH6yPUHKBsFQ2b5jCTYGyrrCTr4s6MEKdELMHcB4TtsS6bTksuSrZfDge3PehPSmDSYpd5A8PsLbkvV1,null,148685967,1662058285,0.00001,,,,3HDLCsoyLPA8PWcH4D3Vn38ge3RX9KAE2D6qTdAwBeRw,7PKxzpQYcWZqHMAsDMhXGtphpqstZp32erBGNgaWgL5r,,,,0.01
system,createAccount,2FpmAVkZSzCkzpCn1D8DhRMQKAm5SoSB3xr5eJyUMyLARRJtZ6N7oL77mmCQF3KMdJwxe8U4W8Wh7kK6uGjuYA6,null,148685832,1662058208,0.00001,,,,3HDLCsoyLPA8PWcH4D3Vn38ge3RX9KAE2D6qTdAwBeRw,7Dp5J5nNueSL42gDE1LrR1ds7u6rDVS3Fn4rEDZXuQ6G,,,,0.01
system,createAccount,Hjc2jYygXbApRYbHvrDb8p2WrDcRCeEMQ9wXg9qsV3D7vUtMG3drP2AXWqPG3QjX6CmaTmEBwZo4Tf58rsR1H2N,null,148685881,1662058235,0.00001,,,,3HDLCsoyLPA8PWcH4D3Vn38ge3RX9KAE2D6qTdAwBeRw,CUvqxPwyhBrf6bRhrwPmpyJgpSdy6oBGzzRJwkXnLnqq,,,,0.01
system,createAccount,423UrNUnnKkbJdJKULGDrbTTkfV3wKGptouAHtHramozbR1exYM6RA4BFTQ7go9LWYnoyzpz6Q2fjz9X3oSLErHk,null,148685789,1662058184,0.00001,,,,3HDLCsoyLPA8PWcH4D3Vn38ge3RX9KAE2D6qTdAwBeRw,BPesYeSH2btasfz3kafEW9Z2yV8z5uYbocxSHdzMz5u3,,,,0.01
system,createAccount,2EDJstRXvZF6tVHbajxAa5CVJ7aKr9sdnWwRuDYU7vezRdkDNVtsLoog5XQ1gHUxXqv43AP29F5VxzUuzYzCxnp,null,148685740,1662058157,0.00001,,,,3HDLCsoyLPA8PWcH4D3Vn38ge3RX9KAE2D6qTdAwBeRw,7FPuRDVAKWpvWLeffiPaYSSebfcgftQCVd9tEdbTJupw,,,,0.01
system,createAccount,bJL9YdFcttHbPwH9VV1U12M4gniLUrvjnoCZbk3dBLAVTVpqaBpvrwnf5WvC91LSJAYC2BctbSPJfuzEk4nXwu3,null,148685713,1662058139,0.00001,,,,3HDLCsoyLPA8PWcH4D3Vn38ge3RX9KAE2D6qTdAwBeRw,AWdGzXEuKcMDDmvg5cMsxEaapj9xzBcZDsPUznybAoE4,,,,0.01
system,createAccount,5Y49kT9HYh9VKnhdp9TMcz6Vb9pm1zrdcaWtf2s9a2ne3CJxxwjZuV1ZmcNaSkAaht6He4BE9txzdJDSQ9UoTxqT,null,148685657,1662058109,0.00001,,,,3HDLCsoyLPA8PWcH4D3Vn38ge3RX9KAE2D6qTdAwBeRw,9pWJSGYReHnzEM9h2dVs6FFCjFWrrtymZgeCf2mgM1jY,,,,0.01
system,createAccount,5kiJdSiUZGWFsSCutdMDNdZmDDAjhtC6JW39a76m4PWZ7d4KabyBoo7YHdrnsASZ1Z9HvNy6SPDUW5NYeNZ1C7HN,null,148685628,1662058092,0.00001,,,,3HDLCsoyLPA8PWcH4D3Vn38ge3RX9KAE2D6qTdAwBeRw,9ReQEkpSAi6iyY5rxtcSjCgWzcieT4HfAcVYVE2rBrJV,,,,0.01
system,createAccount,CeiizZdMnppzLXBZwdX6sPocVndgn9qmrPaqCbKwYYZQSV6DodhixKeNwh7VgBGekcwF5YAGuRDTHfpaaX1fgvY,null,148685603,1662058076,0.00001,,,,3HDLCsoyLPA8PWcH4D3Vn38ge3RX9KAE2D6qTdAwBeRw,4ok6F1KrT19YG2QQD32ra36kwL2rFhvHruFqQKsPN41e,,,,0.01
system,createAccount,5qtGApdanwW72WTfKBYtwuYxmLEPWiWPeh4bBocuyu6bow5iBuhkU5jpBkQe6wqc8egauThxtweqLv2Ln7PFf9V7,null,148685560,1662058047,0.00001,,,,3HDLCsoyLPA8PWcH4D3Vn38ge3RX9KAE2D6qTdAwBeRw,3u23FU5Lg7oVgPwbxCwDsSwHnjCJZW5826WXLJZdsjWQ,,,,0.01
system,createAccount,4iisEfMbzKqfxfnMd4ziRkhekfTh3ugbWMSVSrVUnvVAauZzFgr3PxtJfBPTsCiktDVikpTEXrAKAHDDsPcZ8oYE,null,148685524,1662058028,0.00001,,,,3HDLCsoyLPA8PWcH4D3Vn38ge3RX9KAE2D6qTdAwBeRw,3qg6fwQ8mLy447CdEULwZX9mFbB9dHKoP57MH2dVpY3v,,,,0.01
system,createAccount,2HCfNXPNLbVSAGuXKyAxzuEEtaQ5NKsb3KoamBuGXDncPrQjV3vXkDgdFnSGiqEAJCnaDgNDhE2FkZc7tBtRCc12,null,148685489,1662058009,0.00001,,,,3HDLCsoyLPA8PWcH4D3Vn38ge3RX9KAE2D6qTdAwBeRw,6ELNKPdzkQ94VpR6utHv511cwczdSvgCHWz2wsMsuVVv,,,,0.01
system,createAccount,4Ywgx79JZMiza5SKag5qpVoDhRppXgz4gAcqzn71RtrtUGG7p1i87D4HRHoB86cssuCZvrWn7AtJxbzAM1ZifqX1,null,148685430,1662057982,0.00001,,,,3HDLCsoyLPA8PWcH4D3Vn38ge3RX9KAE2D6qTdAwBeRw,JBuj9AnMcGHrmgxiDXAR1VEFGGK7ADU5osiMg7gwwEpR,,,,0.01
system,createAccount,5r2grusQLMQHGnz9QdaFa43TcyvoJgnJmzUTk9ULPxn68m6sBsHtZ1ernXQfAZKNyZ3GahHSem4TRj6AuSfMfS6t,null,144545858,1659636283,0.00001,,,,3HDLCsoyLPA8PWcH4D3Vn38ge3RX9KAE2D6qTdAwBeRw,ERKeEVw6sp4f2AgGUyRWDYPLZ963LK57rEGuYFQBYq6k,,,,0.01
system,createAccount,3tg93DXEmCS8QJnsU4tn9DRxTr8tLi9NKQgkgzYkxKFeGjuLeLB4R7aHwiE3rHtkQezSaw8koQzEd2hFRtzfrFja,null,144545808,1659636255,0.00001,,,,3HDLCsoyLPA8PWcH4D3Vn38ge3RX9KAE2D6qTdAwBeRw,7KvgvU5wa8cC5fAdPjVq4FW2gMpjTkP6TSZ6wT9VvuxW,,,,0.01
system,createAccount,2sBe6dSfxEv65M4XBRvjTJsnTDLbdWndkczJaFWKJoZsHBtVu36Xk7UGaKcAuFhJ31Atedny6Eih6arucz64F2fB,null,144545779,1659636236,0.00001,,,,3HDLCsoyLPA8PWcH4D3Vn38ge3RX9KAE2D6qTdAwBeRw,9zmeHt4JjLZPEJ9iwAAFxcw7LjPUydbbLAcmds7HEVMB,,,,0.01
system,createAccount,4NrDZiGro1RyHeMZSv9crrA6QYdyqvYL1BNtiY7eKMCWdXH6CK8V1NxGs8Q8EGGhsBBpPVHbaT5XHBZhkqoMB4su,null,144545751,1659636219,0.00001,,,,3HDLCsoyLPA8PWcH4D3Vn38ge3RX9KAE2D6qTdAwBeRw,Gohx5h6pFhDmLrNDugXdAqyJckWtre2g6qZikFs3yrp3,,,,0.01
system,createAccount,58giZ2meXmW76BKCrKB2ddVMXDhu6FAKUhSnwEVjqc6VvK98GfBpC5nJ59rMow88WoqJo8TQhJ46CZ1AbApw4aJK,null,144545702,1659636193,0.00001,,,,3HDLCsoyLPA8PWcH4D3Vn38ge3RX9KAE2D6qTdAwBeRw,AQUsAN5tDNhjkYysjnwsAi2fWkh4jrDYqPCvxPA1KxGB,,,,0.01
system,createAccount,bE9w5apXCMuJxqJLxoTFKPeZvBN5HMbxmaYnnVG2xrVTiHbMBBbrbpAHbQr87fLmhQz59rZJnyykttPfoTZYCqB,null,144545653,1659636161,0.00001,,,,3HDLCsoyLPA8PWcH4D3Vn38ge3RX9KAE2D6qTdAwBeRw,EmjcGjW6oBDnwyjn6mcEMu2BRBwNnKvQGQhzNQG6P6zP,,,,0.01
system,createAccount,4C7BksQno9zbRPkNhh9vE82cNhCvbPV9sdMvmVdSUdH1EU1qWe1CydqQ4A7AqPsF1UfvYFZ37azeyc6LKJ9eKk3p,null,144545614,1659636133,0.00001,,,,3HDLCsoyLPA8PWcH4D3Vn38ge3RX9KAE2D6qTdAwBeRw,EMESfmGYTpCi8F8MDJ2dqyMXCWsKuwdTLyvmyLksvTQB,,,,0.01
system,createAccount,3rCqEmHf579jmSzboeD6tfmXhPQQMs8GwisuvVwtq8FyEM5MWuTT6Jqa11Adb5iCn4k23gqXpvKgPS45f2u4JAUL,null,144545584,1659636115,0.00001,,,,3HDLCsoyLPA8PWcH4D3Vn38ge3RX9KAE2D6qTdAwBeRw,GA9eAcc7VhmHonfYSWhmQMtqnNKFJfTkFY68jnvTUj3e,,,,0.01
system,createAccount,2YCAYreAUsrARoCa7v7ic5Q2FuewAv14V3wjb3MUPrbaEVesfxa9pYJqQ1bi5qfLy3amMBURKwoQWiq9MSafNKXk,null,144545457,1659636040,0.00001,,,,3HDLCsoyLPA8PWcH4D3Vn38ge3RX9KAE2D6qTdAwBeRw,4Kq75m3wDCidY1qXTm2ZhXHZ95W7eQGnUDJxpfb5cThc,,,,0.01
system,createAccount,23Ed6k5Et817HxLeez2KhZqFevpvjetLD419n6jxuWEhYecgVqxA6c3VUL3hA7crDNBarG6d1RAY4WJ4d3GhGHca,null,144545553,1659636097,0.00001,,,,3HDLCsoyLPA8PWcH4D3Vn38ge3RX9KAE2D6qTdAwBeRw,6zP574BynepTEjuJPdtw3WdVV8A5jWQqpfQkwKo5umhG,,,,0.01
system,createAccount,2c7N2wE2wYEuYEnpGLePiPfrwGvQNZM2ghBAWwvJBGiphJsbqC8v3xxbwsved8V66F1cgBshAdTwVb5YfyhT6orF,null,144545507,1659636069,0.00001,,,,3HDLCsoyLPA8PWcH4D3Vn38ge3RX9KAE2D6qTdAwBeRw,CvNxb4b5etFAzZxC72jDa2z3fFDEVspcnQ41v6De5ZWQ,,,,0.01
system,createAccount,4F1JoU2TNGcuCMzGc2EfHxX2GEgtZfRTn2GuC6swRvdEUzGz8cYJXPfsUHMdFjzHg5QFjUppZYnvz7tsn1Xk3VSn,null,144545422,1659636018,0.00001,,,,3HDLCsoyLPA8PWcH4D3Vn38ge3RX9KAE2D6qTdAwBeRw,HbgRPgpM49AmvvJJiFem6jkzwqCyzXBDeq6NhbXT2Pkq,,,,0.01
system,createAccount,4n6K9TF9Sk5VrQuF36bKcNyMckNsnDQLCfMzmrSrBeH7JuAcGjEvVnm6PSuB1hzUw667Vw3bVpNeSwS24tH1Fz86,null,144545381,1659635993,0.00001,,,,3HDLCsoyLPA8PWcH4D3Vn38ge3RX9KAE2D6qTdAwBeRw,H3bYMgm1agBcg21QQ2ZUskRM3mD7YbnG41P5aH6Z74b9,,,,0.01
system,createAccount,3kQ2Fcu3dwsJuVW9bYmrpRRxbCqm819mh26RHciY13NEWyAEwngZsB4BotNrvt8QHrkLWdeCEoX6xchSQKqmM5t7,null,144545263,1659635930,0.00001,,,,3HDLCsoyLPA8PWcH4D3Vn38ge3RX9KAE2D6qTdAwBeRw,8FQi7Nrqrw4DLta7g193B15aQyhpFUwau5P54ZBKbQUj,,,,0.01
system,createAccount,2covYdnBLSDdU97q2ypbdPyLFkfQDxSVkjqX7YFgfjDsHScv3nawMQ6AqsdM5asxSqJPQXm9QuvftUN57sHdkaNf,null,144545297,1659635948,0.00001,,,,3HDLCsoyLPA8PWcH4D3Vn38ge3RX9KAE2D6qTdAwBeRw,GDCdN5ZxDQfLSuW8tRYGWZcXBpfaw6D22snYL7azENMd,,,,0.01
system,createAccount,3igHBdfS5xrdHZd4medyViYJZLanAPmhacFziyjZNNoNEnk4wEAqUCzMpk6EX9my3G1DY6t3nYbSVRvAne4rYkR1,null,144545345,1659635974,0.00001,,,,3HDLCsoyLPA8PWcH4D3Vn38ge3RX9KAE2D6qTdAwBeRw,3z8mnMsqnp1U4jhnNNxZTKmh7kTXAQ9jzVdZKQecgpBg,,,,0.01
system,createAccount,2Q9wcun82qGM4kmNF9r2uZCehzMacBH6Zr6HwqQ8TMy9sDUrrXFNbBRTi1YmZF74K99PuaPAHTDWMg3u5xTMBvMu,null,144545222,1659635911,0.00001,,,,3HDLCsoyLPA8PWcH4D3Vn38ge3RX9KAE2D6qTdAwBeRw,CHpsNm8op9wtqoUviwMMQLK9KHAjhPfyv2cfPTJBBPnB,,,,0.01
system,createAccount,3aiMSXA1dpCUgDR7kWXuxZZScpoirzsQBKR9bXNRjc4sFreGtQ5TtPnbnkSUmxboEq88QP1T4JYrLu3mHUSLnd2k,null,144545184,1659635892,0.00001,,,,3HDLCsoyLPA8PWcH4D3Vn38ge3RX9KAE2D6qTdAwBeRw,4uLKbcexfno5wgrfc47btNLKumchi7wqfeecZtouPfxV,,,,0.01
system,createAccount,41NDoKoTNxtcDNV6ToPmFf1R6tnkrFUFBXBGLqAjeu6q9KU2LDno6ptPcmaNryYo1jXmw2WBLjSELy7nzhsSA9Yd,null,144545146,1659635874,0.00001,,,,3HDLCsoyLPA8PWcH4D3Vn38ge3RX9KAE2D6qTdAwBeRw,ALYhyytrhC9RkciEqFqmNdnw99sPSBLzCbSfibBuaFqw,,,,0.01
system,createAccount,3e2ZqG39tMgB1S8vHfq3HdhiUo44VsPqtChKzKcHZDgWpKNgvWUxWXqYiBM6391NVnibFtHwbXAeL2j9NbKtxD6g,null,144545112,1659635857,0.00001,,,,3HDLCsoyLPA8PWcH4D3Vn38ge3RX9KAE2D6qTdAwBeRw,EM1i39iKtg6upoXkuGcexwtdb4f9GUGiJH9RDffN3NRt,,,,0.01
system,createAccount,3FwrHQmRJRZg1mxfE4qSyVoD6LvrcSpivmNeeZHGsr2WiBMK9sgDkNkBojWtV71jKdcA6Qb1jsVUtkWRhywdeHqc,null,144545066,1659635829,0.00001,,,,3HDLCsoyLPA8PWcH4D3Vn38ge3RX9KAE2D6qTdAwBeRw,GokfEhHZ6uTKPsGuaKZonhqweR8UjyLDJsAdwb1a69E5,,,,0.01
system,createAccount,5f77SaFupcb1Pg97j5K1S6uSqTBWUGyvXwipLqDqsCY5t9vQMdRShJ5AW2B6dYcHaQQbn77a6HbnVUyVNskiUokp,null,144545020,1659635804,0.00001,,,,3HDLCsoyLPA8PWcH4D3Vn38ge3RX9KAE2D6qTdAwBeRw,6t6NMgdThkxEqAFNXBb6LLFptubZ9MqqZsEjbPBqg237,,,,0.01
system,createAccount,37PfneiJDTz5nPEqjVm1ApteSNgxfJXfLKwoHxM9UvoGYvRJsExHUk65MUuFrna8YELwhAGPu7aRYcZzSsvw9iRL,null,140238305,1656977130,0.00001,,,,3HDLCsoyLPA8PWcH4D3Vn38ge3RX9KAE2D6qTdAwBeRw,7i5CymfXP2PBjgMPbVrMYyXzoBdZorfv3VKsm7moPLmW,,,,0.01
system,createAccount,3VhpX2CZ4VSvPuYJWEVHjcC5jKFKP8vNgV6XZj5N3G4f4xH4kdSsYCBdwVpmiCNGVvHen8u7w4J9h2N21hfVHRWP,null,140238256,1656977098,0.00001,,,,3HDLCsoyLPA8PWcH4D3Vn38ge3RX9KAE2D6qTdAwBeRw,2upVkz4VVTByg7UDrDgS9dWCn8cVjye4fpwTSwPVmfbd,,,,0.01
system,createAccount,4mfvpdC4DSzFJimHV9ZPNc5BGteWKkjngE5VvPwTVk9kyKD2ie8VZUJgUkx5Gfvrque2DTewtffTsRoiGNoKJxqg,null,140238228,1656977082,0.00001,,,,3HDLCsoyLPA8PWcH4D3Vn38ge3RX9KAE2D6qTdAwBeRw,8o4T8fsXJJQyJSRRV2bfQCa11GzRLjVxGYNSKGHbPt3p,,,,0.01
system,createAccount,5W7w64F3HKrnVDrhwxHsRbZWwKmREPZZ27UrH6VSzwP53zEMnXG2ZQaoH9jkEx7JsMiMwDmiht3ke5NgsoCDXZHL,null,140238173,1656977042,0.00001,,,,3HDLCsoyLPA8PWcH4D3Vn38ge3RX9KAE2D6qTdAwBeRw,CvyX8YSKtBkiAhpdqrXdgfnCZCS1vsFjQtFskCNEmz3a,,,,0.01
system,createAccount,5NTSmTtN1XG1oKXEdWMVTE34tU3nM6tiiYKmCm98ABPJ3oF1V6m1B9BHKKFPsMsm64PuGbVgY1eJX2VehyDKX2xR,null,140238099,1656976997,0.00001,,,,3HDLCsoyLPA8PWcH4D3Vn38ge3RX9KAE2D6qTdAwBeRw,4owHoyrfK42QXc9RPbTerLEZCMnYYxrrDk28rXRyiaE4,,,,0.01
system,createAccount,3DxnCzU233C7C5SXGsWw5iEHYp9K6dncZ9W9rNYwK4PUA1L8JTShsDSrR5SKJRaByhHkShbqpoKKcyUtkF3x1bRe,null,140238050,1656976958,0.00001,,,,3HDLCsoyLPA8PWcH4D3Vn38ge3RX9KAE2D6qTdAwBeRw,7cQJyogaYNUoF6DHZHU4XMPNqKvSjXcULPHyfGdzokpu,,,,0.01
system,createAccount,cdgEXKZrprwk1V3De57XC1yzbZMLoYCxvTdx6bhztzBvWzR55mBDzb1oU8tadmjJx2Rd5ysM1VxxehYomDhVybP,null,140238012,1656976936,0.00001,,,,3HDLCsoyLPA8PWcH4D3Vn38ge3RX9KAE2D6qTdAwBeRw,9LYxszrGSJQsoA5z1RtP1MfrMvC11THgW8LxWb1K9seV,,,,0.01
system,createAccount,2NgnNHmRMecJsJocxrkvY9ZFj3tbpVydzp7WzPPqPSPFM45foYvfo5ZruPzrrrGoRz6cdQdykpuiTyniLu8SVjs3,null,140237976,1656976913,0.00001,,,,3HDLCsoyLPA8PWcH4D3Vn38ge3RX9KAE2D6qTdAwBeRw,9tRueLgWzTFeo37jwFTE1HuCXY5a48aAQdEmA2fXpvGj,,,,0.01
system,createAccount,2ySjiWGd23WRzdgY8bP2mWs8xgYefVPTWi8vMEipK3kRo9b3fWmMrcgYqis79x89YYo8HKYy5uhNAvbwgLExusPT,null,140237874,1656976846,0.00001,,,,3HDLCsoyLPA8PWcH4D3Vn38ge3RX9KAE2D6qTdAwBeRw,4yozMqSojqVHFc3V1bbbWUdk4tAmGZGMnbyMQ2bgLtnw,,,,0.01
system,createAccount,5F1wyrGzqxZB6TaJ9vbmLam32dXyJ5UoUy4ax87WxKuFvwDzmmvh9tnMeYENHNyRhSzjR1HxupYN8Svrap9g3WqQ,null,140237921,1656976875,0.00001,,,,3HDLCsoyLPA8PWcH4D3Vn38ge3RX9KAE2D6qTdAwBeRw,7ZGoB6CAQotqrfPiDZZ38Lb3dm6xPZxWVsgeLTKge6mG,,,,0.01
system,createAccount,4KDi8Qjqb8Y8X52MeGq5TjVYmq7XMxTTK48UHGNYRdAMCTMg8ctE7UNRkTG7jvjiSuUW1bD9GDW7jCWwANRzGziL,null,140237824,1656976815,0.00001,,,,3HDLCsoyLPA8PWcH4D3Vn38ge3RX9KAE2D6qTdAwBeRw,FDAw6Ba6XAf25QKmZHaNGD5ppyLPuZtx7czf4QUDZA96,,,,0.01
system,createAccount,5CopCrePbZWfsfawmWGh7iKfNb91vGHBdSWvRDmJKJBULazb2qcYKF8EPpnVckg7RTDn4o2XYP6Ri6fRKegtXDps,null,140237776,1656976785,0.00001,,,,3HDLCsoyLPA8PWcH4D3Vn38ge3RX9KAE2D6qTdAwBeRw,6mc1U4JBytsNE8fQFGFBK9fdFc9kGQBgzi6XJmb3ZUvr,,,,0.01
system,createAccount,3qKnomisGqdK2qfE6Zvy8dr6PD32B8jXSmUT6xsp4Bnf4ujuDi7P13q7TUryzVTdT42BVZry6QCQDAxfvN6igf61,null,140237654,1656976715,0.00001,,,,3HDLCsoyLPA8PWcH4D3Vn38ge3RX9KAE2D6qTdAwBeRw,QZBomVGzLah6PjWsZ27Vhv7tGKtM9fiuetreustYsgs,,,,0.01
system,createAccount,3eLqBQj2L4bA1VL5QfH4zHim2CRehmDaqh2zRcPE3gk3pN6P2ng7stUWVfJrLN4Ps2N7sdND6YLxi5jyTa21Spab,null,140237684,1656976730,0.00001,,,,3HDLCsoyLPA8PWcH4D3Vn38ge3RX9KAE2D6qTdAwBeRw,4kk3WhYrdncfrNqbAKjHyR4o83Fy8wpLCgsW7qcZkcS4,,,,0.01
system,createAccount,7ZTKJPFfWZhpMCAHpJa29Wb6BwXBLzuSmuviYrH3GevPkd9a4pge25LVKwofr4mJi29pdXVUyRhNTBbLAjdHSSL,null,140237744,1656976766,0.00001,,,,3HDLCsoyLPA8PWcH4D3Vn38ge3RX9KAE2D6qTdAwBeRw,8hFwugxpi4BkrFhmLBJR5WcpQ9Eixfjn5BhpYwRQennJ,,,,0.01
system,createAccount,34fEs9Whv7hzviVHrqFtjPZCdBcugxcA9rdDZvBv9FobYnxtghUehWP2MKLAD1ksc4WUmrgcCDEuJD2LTkb4iUje,null,140237603,1656976682,0.00001,,,,3HDLCsoyLPA8PWcH4D3Vn38ge3RX9KAE2D6qTdAwBeRw,GVvshWrf22DRPGFvMQJyquMgLSqjLthJYJ5VffC7pNPA,,,,0.01
system,createAccount,2RjKstsZHqkEqbFJ3cT1Np1xkmk633oBcZuEhuKcChNSSmoc1k5ru8rShJUSjidPLgC2pPfxtixSUtD5LRe8ymvE,null,140237556,1656976657,0.00001,,,,3HDLCsoyLPA8PWcH4D3Vn38ge3RX9KAE2D6qTdAwBeRw,4Abx3qiTYZhSAaciXckwFE8d86bDTJ54Ua2F1RR4K4z5,,,,0.01
system,createAccount,2Hc8XtGbV4TdY6XY2Qn3xRMhxqLaQxHWZrtPhgNCPrwwMhca2E1nkV26u77zzvhy9gEeifrq4zFwatRGvmTcDok1,null,140237508,1656976632,0.00001,,,,3HDLCsoyLPA8PWcH4D3Vn38ge3RX9KAE2D6qTdAwBeRw,71gt9QQoeEsoaShBkSK7UNNpMqr6WmDvPthr6k9xTeJE,,,,0.01
system,createAccount,3KjQre6rUtXYbKBwrYc7u85w8ZNPMG72ZGzmzxr9xsyzrsCyFDRhAzkPjtEMyfSZJZagC2LnJnLhPeX1Hygm2Nfo,null,140237458,1656976604,0.00001,,,,3HDLCsoyLPA8PWcH4D3Vn38ge3RX9KAE2D6qTdAwBeRw,EjW6Z1hcGqsG9Wv2dwiN9GtVNbm9PBb7Nbb7esBfLgbF,,,,0.01
system,createAccount,22CjU1jpCopQdoWzav7HpcpgsCD8yXuKyA8kpcBfGdkRxPkzSCkT9xYHAFiyGnng19SH5PU3XWjooooLRZpSDa3S,null,140237339,1656976530,0.00001,,,,3HDLCsoyLPA8PWcH4D3Vn38ge3RX9KAE2D6qTdAwBeRw,DPEVQHT24s7KyQtqe83Lcv99eqqvJepfpRz3yHKyfbxu,,,,0.01
system,createAccount,7DwqdGurRvnFkFceS8Zx8AsQh6S8fJ3yxiCiV6GxxJETRSMBTfoBRK5gqKpiSebxPyF2F7kiunA7HcbFjWWE2wx,null,140237432,1656976587,0.00001,,,,3HDLCsoyLPA8PWcH4D3Vn38ge3RX9KAE2D6qTdAwBeRw,9XdyxGwR6xsK7zC2t8hKK9JE5xEwdW8HEXdKEGkgHCpf,,,,0.01
system,createAccount,53wXUJcadMGbXrSfDhT4Mnk6bU8YmZhcCdkSj474Y9aSUuDjS6eKM2cW3g6ZWVm4nrBXtfB2Zps4sKpsTuaQFCKo,null,140237384,1656976557,0.00001,,,,3HDLCsoyLPA8PWcH4D3Vn38ge3RX9KAE2D6qTdAwBeRw,8vetrRmf4CnwD5v62oYaNNyxjJszMTRkF7YioqzA6vJF,,,,0.01
system,createAccount,677rwWPPDiygubqQN7NVNErNhqMo1juSHTjEJSBBjh6YqjJTuh79m3HDby9oNZe4KkT3ps7Y9BDyuZ7pBCX4zDMv,null,140237265,1656976483,0.00001,,,,3HDLCsoyLPA8PWcH4D3Vn38ge3RX9KAE2D6qTdAwBeRw,5iiGovq7V1ajJK7sq84rSWrJe835xcAsXBsNuSxPUiFN,,,,0.01
system,createAccount,5tsTpGVHSkfCVzvxVFENF4t4hHxLtppCEPpLRsyFSRRYGy5SiZ7yLuUwTcESZuhYeUvmDV9nykRMySoN5vHNdFbj,null,140237220,1656976456,0.00001,,,,3HDLCsoyLPA8PWcH4D3Vn38ge3RX9KAE2D6qTdAwBeRw,BWmRjDsxJzGp8Z7RxEh9QXoCCweqsm5gf7SVuLGQqvpJ,,,,0.01
system,createAccount,5F9Qoq5j5xUEeJg6tDM7FVw5MRjsJKfVyz5ErKRtfwmtjUZDEFCVm7rXS22b9vBbqBnEj3baFgznpkQD9F4Vrxst,null,136097279,1654167786,0.00001,,,,3HDLCsoyLPA8PWcH4D3Vn38ge3RX9KAE2D6qTdAwBeRw,4Nra8vRcij5A2LfqowDGm5Zgz759zaV7HTCDu9mux2ip,,,,0.01
system,createAccount,5LNNAUxLy3Kd2ksvcmFfFdnhNWC3WYNmvwhYnXLZSLWMwAB67addZaHn14u3BkcvzKzdmE3czH29hdgiF7HbNApy,null,136097320,1654167816,0.00001,,,,3HDLCsoyLPA8PWcH4D3Vn38ge3RX9KAE2D6qTdAwBeRw,2cQsp3h52N17yygrpRFxMotqXiSysx8weQZwUy167c94,,,,0.01
system,createAccount,2rYF6oebSM7MiYbqhHbakburncBWS4bTvNXzR1co2pBafdN5j6z6p1eE6Q7pL6QSDiecUyQ4qP9b6LCkZhK9khXY,null,136097149,1654167692,0.00001,,,,3HDLCsoyLPA8PWcH4D3Vn38ge3RX9KAE2D6qTdAwBeRw,HNihMgWiood1cvcfEEP6NeQt7QGMZtibcthSbotwAzff,,,,0.01
system,createAccount,5M5URiiovJwW1DpdVdT4nw9jcWQVJmbDiA7ZxcA5H7FhJydK2ukB3E25Hz6HiiJcT4cSL6J7uJdN4JpRmcqXpq2N,null,136097213,1654167739,0.00001,,,,3HDLCsoyLPA8PWcH4D3Vn38ge3RX9KAE2D6qTdAwBeRw,FrUFAbEKDFknTi8jke6kw9oUYXofAfZQV7GwSeCoERPh,,,,0.01
system,createAccount,2JfLpPKTbpgvaQNnkUwYyEyxwnx4pL1WYtiqwbo5ZrYHH8HpCcHE5agBWAe4UZCVq3e6x2MjHF7kVa2NmXc2Bczj,null,136097086,1654167647,0.00001,,,,3HDLCsoyLPA8PWcH4D3Vn38ge3RX9KAE2D6qTdAwBeRw,FY5gcBG7LbLZ2DjmXxS6eM7a3LvF458cfpD15E4cuopR,,,,0.01
system,createAccount,5C9BGq3Cxd5aMyeGPFC9YFUKweruxzdqoWPsiHW7aYL5zo1prdpCbWTjZwN1X34cbKNmcZLzVPhqNKXN4Gy3c5fC,null,136097034,1654167609,0.00001,,,,3HDLCsoyLPA8PWcH4D3Vn38ge3RX9KAE2D6qTdAwBeRw,77MgX9Mm2i1VjxKGA2PcEo41rf4qW3xqSK3nUGeC2DUv,,,,0.01
system,createAccount,nkP5RhVeAiEYMdvSD369hC64XhDfiDFyGe2qcwDWnAEeaAaLcqKkjHVXhVx1GnN5GQ7JQotorRpS1jBq7x7gbNd,null,136096971,1654167564,0.00001,,,,3HDLCsoyLPA8PWcH4D3Vn38ge3RX9KAE2D6qTdAwBeRw,GvpzXYig2CPnbmsvmd4ZeGQkmXUpchSt83ne44LAKTrP,,,,0.01
system,createAccount,5aoq5oxNcwSw9cCDaBcLSytKApHC8QA5bWy6WuH73cbNowFGBZMhLMkjDrHzPgKwdohcsXkCWoA16PoypeWybfzH,null,136096787,1654167431,0.00001,,,,3HDLCsoyLPA8PWcH4D3Vn38ge3RX9KAE2D6qTdAwBeRw,G3SU1E6Tzxo1Jq9iCrMoAQbXmhWiYnvYqu67tMYkf5Yp,,,,0.01
system,createAccount,2P4Y6yPRg8C4gG2B4QWiWxHFXiE6F6PckWxQBjv1v21qkmjW53SxdokptW57LxQs5ueTVQdzmBpnYGFxKMCTwqnn,null,136096857,1654167482,0.00001,,,,3HDLCsoyLPA8PWcH4D3Vn38ge3RX9KAE2D6qTdAwBeRw,FVPGcN9NFLwuFfBUEzvd6sxycKeFtphJoxm3Hybz4KEh,,,,0.01
system,createAccount,5p4gLeeL1iDeBhMGtXyvcgZnxSAYtJUgGXZQRhoe34ztDbAcGk3j3qXQL2sncug4UTmZHmpBPYKhQ3di1iBTN1ak,null,136096669,1654167347,0.00001,,,,3HDLCsoyLPA8PWcH4D3Vn38ge3RX9KAE2D6qTdAwBeRw,GJNZmiaDv6b4MmaQbEgVBuJe8sLbjAawa2mBeVsnNT8u,,,,0.01
system,createAccount,5WytmowfX2c3PYijHnAm8943He35kZKorAfTEWhne55eVPwJwbrhhQWn4omq92Y3RBE8SHUpRhNUX1CrzpnFsDnR,null,136096582,1654167284,0.00001,,,,3HDLCsoyLPA8PWcH4D3Vn38ge3RX9KAE2D6qTdAwBeRw,3FNSknrQSSwfjNbPsS1QMCqxSvrFQWB1dTJeBwzw5ZVu,,,,0.01
system,createAccount,23PMTK4cDh6TpxB4GUJF5vHgEo3S3i5ECtbCjyswLpbwDqJQg8p62FTSNGNjuUP5CqjE2gWpbP2ESb849vpW8Uy8,null,136096538,1654167253,0.00001,,,,3HDLCsoyLPA8PWcH4D3Vn38ge3RX9KAE2D6qTdAwBeRw,AmdCAa9EnviUZ99wojsabHsdSnfXCZ682qGZA71weC3w,,,,0.01
system,createAccount,2gmNM9UeF7udteGbNR8z3wdkoykz4RaGuqwiyWbpkU4comV4rM9ZwFNDTjY8msxuSDsD2G5xJkPvf7HDfkMbv6ak,null,136096454,1654167192,0.00001,,,,3HDLCsoyLPA8PWcH4D3Vn38ge3RX9KAE2D6qTdAwBeRw,89jfPnJhrqnopD3yh6EuDp3afcGr8ZSSaHV3ztL4icCY,,,,0.01
system,createAccount,4xjsyjfPN1F2U46XWhu1XxEJvpwrbfVkKWzz4YWJ6Pey8V2QdXHgGMWNvm9YWtvTMwcTD1dE4mUQ19HG7NEkiKcU,null,136096397,1654167151,0.00001,,,,3HDLCsoyLPA8PWcH4D3Vn38ge3RX9KAE2D6qTdAwBeRw,Awx1MdqDFwUqNrmnrKDb8mp375XgjytRMQBmwwEfvRvo,,,,0.01
system,createAccount,3F4epJTzbexXj6VAammj6PGTiW4pKGqtBe4ygcms5d7WCEbEaZXTQXxaeuk9HYzrpen7jPxZPNPSAKUYzWf7YoJ6,null,136096321,1654167096,0.00001,,,,3HDLCsoyLPA8PWcH4D3Vn38ge3RX9KAE2D6qTdAwBeRw,GXgubJy3E589nKi5nNuoAkbxH1827pUJbeytQANFJieZ,,,,0.01
system,createAccount,V4P3t3ZjUeoUvng7SveTjMgDra4YA4UScgGTGdiqn6NtMT6b3QFywA5F65aTK9ceQuoDw7fzGgWFBmeUQHEzW9j,null,136096255,1654167049,0.00001,,,,3HDLCsoyLPA8PWcH4D3Vn38ge3RX9KAE2D6qTdAwBeRw,33SSF6TKynBieGC5nJc6u7VrmS4YrcazGe82Y69Tgkqt,,,,0.01
system,createAccount,rzfWxW6BC7v377ssGcMJcTvtQME6hHkCFjXDk5RYXJLN8ua7TgL6A2wQP2EuinJqQZ5Rw5EPgaNGPTwsuepumxs,null,136096072,1654166917,0.00001,,,,3HDLCsoyLPA8PWcH4D3Vn38ge3RX9KAE2D6qTdAwBeRw,DJAA4VnTNxr6rY3yXMGNJsWnPFE9gSBAmNi5FRxSzvkH,,,,0.01
system,createAccount,8NCLKtWbeNTtaiMVqZUTfgU7GYnUdhUjovFZTXHLmLcLDeLCncW6f9ZJZKqqskxhqTDfyHhYAEpwWa72VvtuMhx,null,136096149,1654166972,0.00001,,,,3HDLCsoyLPA8PWcH4D3Vn38ge3RX9KAE2D6qTdAwBeRw,DhY46RxoMQbwHy8MwkQuCvEtZobcEcDa39aAu5VC4K8a,,,,0.01
system,createAccount,2P8D8m1QMFcHM3qB1ejVer7cV1nAB4U5ZyqQYLVHnMqGdD4ZWMQXS4mNq8t7GqK2o7wFj5fiECACxMz4UUE3m2Vf,null,136096192,1654167003,0.00001,,,,3HDLCsoyLPA8PWcH4D3Vn38ge3RX9KAE2D6qTdAwBeRw,9GuqjZhtp5hBTHxLhVyRD8HdWB73bgxiENqmSAj8VM31,,,,0.01
system,createAccount,29mo7CdWuT2Yo9YURT1srtcsMwM5SU5TwXNofGAMEtPcGCNKeWb9E8s3zfk1Aq5XYj4T7X6x2Bwu1NW7UmnhAjCM,null,136095996,1654166862,0.00001,,,,3HDLCsoyLPA8PWcH4D3Vn38ge3RX9KAE2D6qTdAwBeRw,G56ExRvP2B5euRxgoUTJMkGibXmPuUPEGARukoz1D1mS,,,,0.01
system,createAccount,r8gq9QSPcmzQsk3XvxnMDbcUQzPdHKuLhE4mTmwqQ1ovaAjDKSHzzfpVF2mv6UrNThPxe9HPtwXWhU3UX5VCtua,null,136095938,1654166821,0.00001,,,,3HDLCsoyLPA8PWcH4D3Vn38ge3RX9KAE2D6qTdAwBeRw,AaK2ikPbBNgRf2KqeJeZm1N6saQgNHPRQuXvo5iR9mBm,,,,0.01
system,createAccount,41smzkprwkzPURkrNNHB7a3zUgJEa1QkVChqnbZ3Fv58vXEMbdMdFBt7ZHs48UoySmemTjfYkgCqW4LEgELRndX7,null,136095856,1654166761,0.00001,,,,3HDLCsoyLPA8PWcH4D3Vn38ge3RX9KAE2D6qTdAwBeRw,ChTFmPRej2NitJNAsvDEkWbBqDRscCSjEw1EpYqJzzsq,,,,0.01
system,createAccount,3Ewhgbi86NYhuJGs2wF16ypRRx61U8ZxmtuQ82t5PxyhXCncy4xUvGswLxAfKuAKcsDGX4tVFSDPYyksDEbbmF7v,null,132201652,1651516676,0.00001,,,,3HDLCsoyLPA8PWcH4D3Vn38ge3RX9KAE2D6qTdAwBeRw,EmdNwjsXXwHEExcLMjPr17poH3JotndbYdpQEww6KYC1,,,,0.01
system,createAccount,3YNNSyuHsBpoPvmya7KBEq8rqmLsgPxH7SDnTjqikrHcyPnyorVVjtng2XhfUrJKePifYhTMdUNXSGTzkhaFqDkN,null,132201441,1651516534,0.00001,,,,3HDLCsoyLPA8PWcH4D3Vn38ge3RX9KAE2D6qTdAwBeRw,AuSzoDrVXCoYRgSE3aqMvkRzAt8BEJSbtSC3qgSutJx7,,,,0.01
system,createAccount,5ZP1f7KvjetwnwiU4LVLmnL6GLSRG4hwZRFb6CrKHn1qQHkh4fxj9DTSoKmaFQzFpvm6N73M3gjgFMLLWArAPXLc,null,132201589,1651516635,0.00001,,,,3HDLCsoyLPA8PWcH4D3Vn38ge3RX9KAE2D6qTdAwBeRw,9yLYjQjqz6cj2mDpcFj6pVbTyLwM2EWgdDvPKzic9wyx,,,,0.01
system,createAccount,4zbWehnmmXBGfNE2L5YCpA9j9y5VSLNUD4JY2Z9eZrVz2ZaLCxHXr1Z4eb2sR8svHdjYvJjxQ2HNX5p8skF6p6Ai,null,132201344,1651516475,0.00001,,,,3HDLCsoyLPA8PWcH4D3Vn38ge3RX9KAE2D6qTdAwBeRw,ZDYGqM6fqrUfmvGDUA7ts85aL52H8135UGdCY3VgEjS,,,,0.01
system,createAccount,3rvfVJoDPdy8xjFBq7yn7EXgAtLLncas3BFqF2g4CPwpMpQvyroX7mcSTJWn6SpLJTcrio8d19T486Tr86jRStRC,null,132201291,1651516436,0.00001,,,,3HDLCsoyLPA8PWcH4D3Vn38ge3RX9KAE2D6qTdAwBeRw,mZnvczHyzdjegBWy7rZP5kiTFnMC7DUC9Z6LGJ11o4F,,,,0.01
system,createAccount,4HXSSZ7UVkhF15Yzq6xpSMcrZmp2T91FvFY8uc92nrsJcgLCC4ktZGFbyodbrMTafcGr25PFMfm1PCTkxMCAbLAG,null,132201201,1651516374,0.00001,,,,3HDLCsoyLPA8PWcH4D3Vn38ge3RX9KAE2D6qTdAwBeRw,6RMvdULGatCJZyejYjEuAQyUbtYWxWrotQe18ySKtwD4,,,,0.01
system,createAccount,2fUp8xU4sTmLHuEf3LCt7xBPJfNUfVmvcrGcRE8RMVnBtsk5PPqXRyb36iRBgp7o2GR3t1xZkcMxPuVpiBa13r1v,null,132201101,1651516301,0.00001,,,,3HDLCsoyLPA8PWcH4D3Vn38ge3RX9KAE2D6qTdAwBeRw,6HXdyjCLTgqMZMLmzKZe3cJQXrerqDRKzv2Jh6Ray2J5,,,,0.01
system,createAccount,2PNXpTMs75d1ZcFpN6Lko662hxWjTY7kK8b9AoV5CuyqRa5E5UTuQCsR9L9CowKE6E5iCVhFfXU1hsiFEhk1ahuX,null,132201022,1651516252,0.00001,,,,3HDLCsoyLPA8PWcH4D3Vn38ge3RX9KAE2D6qTdAwBeRw,3WcgGg8GYQn2BPgM3LhacDFjm3PkoCunGLdQb8NG5tJH,,,,0.01
system,createAccount,aSyJ1LV5Eyz4EqtPkY8p8UypD9LGwU4SWRgXned6hEFW5zHfLR42Dd7LeUK5yde45CQjNEAkPUJfGyivMcrg9Fw,null,132200844,1651516132,0.00001,,,,3HDLCsoyLPA8PWcH4D3Vn38ge3RX9KAE2D6qTdAwBeRw,3SiFYokBw9TGWdCU5ftPxp4eMFkt497wp1BvgEaiRy1Z,,,,0.01
system,createAccount,3vPb4LhvxXmc2SDvaMNchdxXPkq3zshLSNeoHBNnGiyTvXAGBneTZeigFETJreYfBsHASpak1D6ykJnvyFfoTkHq,null,132200908,1651516177,0.00001,,,,3HDLCsoyLPA8PWcH4D3Vn38ge3RX9KAE2D6qTdAwBeRw,Ha8yYN2Rsa25UBjkSsMgdD4dkzxSbgsNWRLavPBCCBae,,,,0.01
system,createAccount,ac7uqhpHxq9CVij1DcCWCLsQWD5tfoeDG5vGGkvUG7uNW2atPUT5ma66AnU9bE5bJ9Qptw2nUXUCfEr9PiCTxwr,null,132200726,1651516050,0.00001,,,,3HDLCsoyLPA8PWcH4D3Vn38ge3RX9KAE2D6qTdAwBeRw,Ah8m1CosbaS7nyTHWRSBQ5Uru4q8B9SNuNep9PAP1YF1,,,,0.01
system,createAccount,4WN2UyW16hD5ffaKi5CX9oLZY7jh4kMSB5EKyJH2NhND2kFAP9jydH1P6FgCZUDqnxA4i38DSsRV4eozzFQFfBGF,null,132200652,1651515997,0.00001,,,,3HDLCsoyLPA8PWcH4D3Vn38ge3RX9KAE2D6qTdAwBeRw,6n7hMopzx5wV7YPo6aa39H4q6Y8swLRQ52EY8WpYTvNb,,,,0.01
system,createAccount,yf6tNKbyCrEYuU96Czij19qfryE3fXiEGH6tt6CqVnSpeNV38sX76F3cTQz6qFdSBSYziCW8tt5UTU2q2LFscB3,null,132200523,1651515912,0.00001,,,,3HDLCsoyLPA8PWcH4D3Vn38ge3RX9KAE2D6qTdAwBeRw,DVGZWHGi5jPCtWN683u6X98g9mnUzCdGXKwiYndJxgXv,,,,0.01
system,createAccount,5SSW42VfZxYs4AQbcwy59AJ1UoHsujG57WJfafMczNqaJMwiZwEf48oKwSpgNKDTMkkgPtp2cfYo9xS3ogGsCzh4,null,132200602,1651515964,0.00001,,,,3HDLCsoyLPA8PWcH4D3Vn38ge3RX9KAE2D6qTdAwBeRw,irQMFKQDbbp7z6kMutAjor9jJA572LMWaQAuzbjWMq6,,,,0.01
system,createAccount,5MMdUJ9hoxRdACUnovk6TcmxjJ9xphtXF8w9kvUsq9NAQpPxnQ5uaoqY8MsP2tmMewkenLVDXsHQrLVi86Nxzw21,null,132200442,1651515861,0.00001,,,,3HDLCsoyLPA8PWcH4D3Vn38ge3RX9KAE2D6qTdAwBeRw,7YNzH3uKBm1LkYpG6L6dcXFC4zwZ57i4UpRGSfQ7h3vd,,,,0.01
system,createAccount,4hFcK1b5iFxgGvwLYXxcYHfS8icwiZJPnrt8XShjFC1evUGA6q7rjsZGpZ2b37cpfSH7YZwiE1K3kUmNtBdxu4oX,null,132200341,1651515795,0.00001,,,,3HDLCsoyLPA8PWcH4D3Vn38ge3RX9KAE2D6qTdAwBeRw,BwzFYpVcmQ6v5hsbDPnWnmXAE1saxGy3GKogn24BhXHZ,,,,0.01
system,createAccount,21yUi1ZEVB2yyvZC5mUSgdBFLko7pFvsFqPSeGYa6opu8qtqfHx8xDPgykj32cyq3eW5pfUkmRLSLVKfjCKmMuSp,null,132200244,1651515729,0.00001,,,,3HDLCsoyLPA8PWcH4D3Vn38ge3RX9KAE2D6qTdAwBeRw,GaEZLz7s53K49UjX7miRANPtKcvwEsRLs15sZSvme1ag,,,,0.01
system,createAccount,32a2V2RzS5TNURRp2GyN286ui6XuZoEAmB5r7JsoaTsEPS3VdavVSuHtqgw85pPCcefH7zzVLHxSRUVXyAGcyTSj,null,132200042,1651515590,0.00001,,,,3HDLCsoyLPA8PWcH4D3Vn38ge3RX9KAE2D6qTdAwBeRw,5nmfqFGuMmqozVxHZrovEWxHeBaNQC5FAnQLCEZipMHo,,,,0.01
system,createAccount,3qbp4LWwBEQKkFyozE146z14UyjdLCaL9UuUUiKTv3JNck81vUVucgaf5EMMyVgPJTTn8fgLG2ctVBAfqNBqdgsQ,null,132200133,1651515653,0.00001,,,,3HDLCsoyLPA8PWcH4D3Vn38ge3RX9KAE2D6qTdAwBeRw,EGzotK7MDyby1VFrSX164tmRhhBeZsaNoSPiHxy2tdem,,,,0.01
system,createAccount,4zr5CKCzcr9d2pCoPLKTTDmwvK7kwuY1yC6qizAbkjdK4osgAXoGe1rHx3vrEJENp5J7zydWqDCVpQ1uTNUzbQDU,null,132199955,1651515533,0.00001,,,,3HDLCsoyLPA8PWcH4D3Vn38ge3RX9KAE2D6qTdAwBeRw,J5izL3BGkLtAnTmXFshD6VDpeWQQ9RaDHk5GfcqfJUhW,,,,0.01
system,createAccount,4v8ksguycxeEPV76xAP4ejQrguzSvz4RsCJnZmoepnE5Q2phD3GNzRAvS3BbYnQaRSMMCJjESQuPGtZsr2e5Q1QL,null,132199899,1651515498,0.00001,,,,3HDLCsoyLPA8PWcH4D3Vn38ge3RX9KAE2D6qTdAwBeRw,HGAPSxTyCvTEyz2YzHrH75E6jaFiJT1CHYE533fErJkY,,,,0.01
system,createAccount,2XdThSmLS4noPcG9rCWyDtqENPJaLZsybwjE44XzFo6KdqoijcSZPcQ9AgAVgtUDnFhd4zR1rREc8BEByyzvQqWo,null,132199831,1651515451,0.00001,,,,3HDLCsoyLPA8PWcH4D3Vn38ge3RX9KAE2D6qTdAwBeRw,GAMfoFrrLWuQ4CiMSiQDXH7btgMe18vXPHwho92gogoH,,,,0.01
system,createAccount,3Xg3oWFAqKiLb7MYEiGo7aLfGNzkebCber7QEP1wHdwDJv5EnfN7bEUBeiHmN91k8BKSKoE9HU4aPLPmXHq7A2qz,null,128175577,1649074717,0.00001,,,,3HDLCsoyLPA8PWcH4D3Vn38ge3RX9KAE2D6qTdAwBeRw,EpA6Db5f1QLh51r1WqToAzMGqtN2fWcapmYZWmwKQy6z,,,,0.01
system,createAccount,3PnVeh9jJPckZhtsbqwHMQzhjreN3Gfo7K4zKT5wdQh45JFY799HHQKGzgyxTevcn6TZj7q9gJMvYBF4hBueto2D,null,128175483,1649074670,0.00001,,,,3HDLCsoyLPA8PWcH4D3Vn38ge3RX9KAE2D6qTdAwBeRw,3eUfb6B3e63uyGC81hsiUaVNAdEBtuRJRjJJUfGipmLq,,,,0.01
system,createAccount,3Hs7fXwDRN5ebGHnSPCsHB97Nh1cVKNVcFT3DnYqDyV3MVc2nZ3eys4D5ioAucdvrVnHXqnDcSthTQFuwTHGhsKy,null,128175137,1649074482,0.00001,,,,3HDLCsoyLPA8PWcH4D3Vn38ge3RX9KAE2D6qTdAwBeRw,4iNkVTKsd7BBYwVD8fZjnd7HxDfyEwZZWUujgowKPcKp,,,,0.01
system,createAccount,2PJexge3Zfjow3ZdHzLLajwLfnUk2FV8KX4cKL5CUSFdakcPdZDGva1xhEurdQDbQCn76fU3rbcgXcdocrCTDDFJ,null,128174928,1649074369,0.00001,,,,3HDLCsoyLPA8PWcH4D3Vn38ge3RX9KAE2D6qTdAwBeRw,AnQJcAmLB4xQjxAzPnL3VfGv5iTAFFu79DQzqmmkcS7A,,,,0.01
system,createAccount,4Kfjg5uxcfvCLEgdQwqQxToqcVBEiPukCgs5VaCqEpUrcSy1CkUw4nWJijN4nKXArWvEtV7DdkLVF3LFn1K7t89i,null,128174854,1649074323,0.00001,,,,3HDLCsoyLPA8PWcH4D3Vn38ge3RX9KAE2D6qTdAwBeRw,2y7eupnM11dqDJB2bbDJiHbWg5xsQEZwr9XczX3BsumL,,,,0.01
system,createAccount,268AmfxoQKZSgzTepkdMSEMQbtJHBqE9d6x311EiXJ1Z6QfGSy7RZ5T5dJTPCrQeNADL8vwtGGEBRZYogbFCY69v,null,128174831,1649074309,0.00001,,,,3HDLCsoyLPA8PWcH4D3Vn38ge3RX9KAE2D6qTdAwBeRw,9LR32g2gxVAoqC2bNsNobaiyoRujvzWwgsQE8j8JF1nh,,,,0.01
system,createAccount,B6kqwP7kdBAFSyPaN3oSDy6qBNe61CisJD8Vdfp7JwZzdXFqsys1S5ub21bdZ6e4KGscrSCRmeRRj5gVY77MkJZ,null,128174705,1649074242,0.00001,,,,3HDLCsoyLPA8PWcH4D3Vn38ge3RX9KAE2D6qTdAwBeRw,GJaS7YDp1SCtrWPT1ELtzFpTyg6cZDt9wmHBYpcUKW5R,,,,0.01
system,createAccount,e4HQEEKZ5J6TGmrWw254cEY37ft2VhGxVdgQhV4yRTq4xen6tGMW26xhjhyfrT74BZ1sMYfnuBJHiho68RVRDxe,null,128174551,1649074153,0.00001,,,,3HDLCsoyLPA8PWcH4D3Vn38ge3RX9KAE2D6qTdAwBeRw,EJzmtBVYLXPFYhtUVbPXGxoZrhxjnNF99i87DNahaZkQ,,,,0.01
system,createAccount,3YZLVCmcgXM2ZZuhHGiyhJTW6DDaHdhoQH6kr7LMuRmm2fptSMnS37dyyeSdu4m7yyUncTNpxZqsMHHm8aUkoHrh,null,128174479,1649074112,0.00001,,,,3HDLCsoyLPA8PWcH4D3Vn38ge3RX9KAE2D6qTdAwBeRw,G79nNs2f2RNrnjdkS77ATVkGgo4P48baos73e9ehahXF,,,,0.01
system,createAccount,4dBiQB45y2F56KCJGb8rX78HGo6p1rrHhpBcNZTKp5gwCzekgC9jzA8EHjupxRqJHyFPPAg1J3HxvnMjdtEFEAqX,null,128174358,1649074049,0.00001,,,,3HDLCsoyLPA8PWcH4D3Vn38ge3RX9KAE2D6qTdAwBeRw,HaSD28eZgxGrGJyrACYVLg1UeBou9UDRRxv72LSqVzgQ,,,,0.01
system,createAccount,2hBuijw7QibtfVdtvdZHzvU7PXkuDm18CrLNQwu1dzCezrNSHEk7TNXEHYqYGza7Zusv8Uz94Yqi5EKR27WTRCqY,null,128174234,1649073983,0.00001,,,,3HDLCsoyLPA8PWcH4D3Vn38ge3RX9KAE2D6qTdAwBeRw,CtUyzSxM4SbBs3suXmP2jXBkusqVsQcgQK6GNHW7W8m1,,,,0.01
system,createAccount,QwVkQN3oPtmiJYVkbrVGe2ihrwHZwu7n4b7uCGrFPzgLVrTS1uZ9cD2ogQ8pCca3vFBkzYHRNvG5NDQFcdShjY6,null,128174024,1649073871,0.00001,,,,3HDLCsoyLPA8PWcH4D3Vn38ge3RX9KAE2D6qTdAwBeRw,5iFDeCL7oZqnqM4cEyKc7uJk76qiEp6wbifCXR2G1N8e,,,,0.01
system,createAccount,3GaP52gEPUJv4FwgN7K8DPP7g8TU2mobPUPtsnugrirA8ZYH3M49RWr4zvRZ29C7V2QjmkULp7WeSmXVcwHhFoyi,null,128174045,1649073882,0.00001,,,,3HDLCsoyLPA8PWcH4D3Vn38ge3RX9KAE2D6qTdAwBeRw,3wnrLfnVe4p7VhDq8wQoxHixWNNAsSzDFnakJzkfibZH,,,,0.01
system,createAccount,xey3kVKEYFQjRoFzLKzdgCnBqT9uv6HJvC7Yw7MN1GWz3prxJhZqC23jGHPvFCVwk3q91ZfK97KrJTe6bZJeJDE,null,128079206,1649020487,0.00001,,,,3HDLCsoyLPA8PWcH4D3Vn38ge3RX9KAE2D6qTdAwBeRw,2CuncBauR7VkK4PwjSdQ1xPYtDcwEYwJK9cYANhAJE8G,,,,0.01
system,createAccount,4GAEXv5xKbAw7qVM6XzpwSyvMvDkzPVNoyYRdvUvMAKectWbhjfvEDYPPv3SgNLcSDuzMcHqJyU4Et3TnxATS1CX,null,128077772,1649019478,0.00001,,,,3HDLCsoyLPA8PWcH4D3Vn38ge3RX9KAE2D6qTdAwBeRw,5bMQou3LkFvy3ZQvdngrGcRhEzvSGXUSiFYY3v5Q6oab,,,,0.01
system,createAccount,5sZtujRqenb6hQvjjnQae2o98HSrvkaGc93bBNLwyHXkfqMFGX7kEjvn6VQkaPafakoEMofKqGZ2VNLptyDhXvV7,null,128079878,1649020933,0.00001,,,,3HDLCsoyLPA8PWcH4D3Vn38ge3RX9KAE2D6qTdAwBeRw,2xVJhnJpdhphTWd2J9rrdDMPGZ4sPikAkveErZ8BfAS8,,,,0.01
system,createAccount,5oUgMWqFLQHpDVKHWbgQ3NvaJdKzhbvLjNqxERB7QVLGHAiGJ18ASLF98DjKbRkrDKghq8ddyDHUmdnZU6Lymg7w,null,128174126,1649073927,0.00001,,,,3HDLCsoyLPA8PWcH4D3Vn38ge3RX9KAE2D6qTdAwBeRw,FvUBmzSUd5PjAepdzjTpqjpLX7XC5ELKmmZW3wQzdYTb,,,,0.01
system,createAccount,25Z1ef11PnYD1pmjcJ3X6Kd1uMzTt57SSfbpKdsdZQWZrCekbtGrhTSkiGbVHQCawSkdfJsaXhxZnvMerZ2bzg79,null,128077598,1649019371,0.00001,,,,3HDLCsoyLPA8PWcH4D3Vn38ge3RX9KAE2D6qTdAwBeRw,91FnEtHVqLz776ruAAMxhmXu2eacW4NgcWc3xjiyvRBb,,,,0.01
system,createAccount,4bs6vQYzXpijxDC8o86NhaYh8X1bcEGVX9eqEn6XfpfMogom34G3jXPzVUzN82x4cg8Qzz65EG5W6LQ1Kgg8Betk,null,128079552,1649020729,0.00001,,,,3HDLCsoyLPA8PWcH4D3Vn38ge3RX9KAE2D6qTdAwBeRw,CzdDci5Ez65aLD8a1J6GV4zf4LYBXztDcgsjZCAa2qAV,,,,0.01
system,createAccount,9mFyZQdjfVNQn1EhSXC2zL3RbXSoBUYHMURMEhfQczxcMGV68vxhtCEiajrC5PEMuCNY6KZsXKQLJJ66ZMxNWKm,null,128077655,1649019406,0.00001,,,,3HDLCsoyLPA8PWcH4D3Vn38ge3RX9KAE2D6qTdAwBeRw,C7LfS7ejfWzpGmwhZ4FJmnpWBoqpU7sLteEyiRxC86x3,,,,0.01
system,createAccount,vPkXwERd62mnKiKzvK9v7jXErNtyBDavA11PigPkXjzedzeYF98SQsjZNhmnTkHguY6kEKQE18qyGERF4TTe6Xd,null,128077551,1649019342,0.00001,,,,3HDLCsoyLPA8PWcH4D3Vn38ge3RX9KAE2D6qTdAwBeRw,211tqGAvqFg7nWqczz9KRAe7FbB5mY7ihcQiL3RsfQTg,,,,0.01
system,createAccount,uyxttqBno8yRB4DZj9gzQmm7DGLhoykLN9fCDwSSWvhe6BgDS5BEjYMy9czTtTqYCT1bwbSaXfiNJ6nV9uYqBp7,null,128077252,1649019165,0.00001,,,,3HDLCsoyLPA8PWcH4D3Vn38ge3RX9KAE2D6qTdAwBeRw,FnSoBmB9iwGCguqazTMzV3v9axmSDgRkfc4HciVx5jb,,,,0.01
system,createAccount,5G2BPzp6UsnfVFDYKdPpBBNc3bRWMrEUfc1y1mB19nmNRnNy4Frr1SeSrggYBqbEYj47vV7tkUpiNFCHoiZiozqi,null,128077331,1649019209,0.00001,,,,3HDLCsoyLPA8PWcH4D3Vn38ge3RX9KAE2D6qTdAwBeRw,AbH7UoJAYUPKhELpTW1KwTLjyfmqDJk2UcZPHjyjJkVe,,,,0.01
system,createAccount,35ZWMRY2sPmw39S443xgvxS9SiDNNJgkCymYQSzGc99MDb8SX7YrQmu56QJtSh6QmnBLZkGPcJNZDYjwkkt4unFN,null,128077122,1649019088,0.00001,,,,3HDLCsoyLPA8PWcH4D3Vn38ge3RX9KAE2D6qTdAwBeRw,FVf2D8v1mhSp2aLPG7fJDUdS2L2nwa3t2m1KQBSZryqA,,,,0.01
system,createAccount,2Z7rpKADAA6Nck7hmb4ShQm814c8yCECFGUKmWrHEQWTkqoY7F1s2whoPoUGRQpjK95a1fs5wLmvAiF7qSSFndF1,null,128077025,1649019030,0.00001,,,,3HDLCsoyLPA8PWcH4D3Vn38ge3RX9KAE2D6qTdAwBeRw,BJuCVjvR7EP4ZbPYAVWaA4d9Xn18Sxry5AWNDv43df5L,,,,0.01
system,createAccount,2wscpbeNxsxuWxHLDZYU7mTPWFQc2CdDFZQ81sTra9fVQouUPAk3ykDPRSBSnmdCX1BAjTPqrAgnb3qv8vTGh6mg,null,128076690,1649018820,0.00001,,,,3HDLCsoyLPA8PWcH4D3Vn38ge3RX9KAE2D6qTdAwBeRw,6c6nh6DNTVaB6uMrbpVNBaXVZTFBhSCctYqGAJsDDhYd,,,,0.01
system,createAccount,3kERH5D8VtVvHPN6kzL2UzbbQeFAo8vLtBjTnrNqXMgPVwCZNe25bZGKmbSjQyMwg4gTqCTRuvQmi3TGx3VHQWbj,null,128076451,1649018678,0.00001,,,,3HDLCsoyLPA8PWcH4D3Vn38ge3RX9KAE2D6qTdAwBeRw,DvKFdq8jQahUQgZ1oQS5FZPyJKohBZpnaEW53KfRgZuU,,,,0.01
system,createAccount,2Nuw5Bo6mGdzD3UJ57nFGvx5zwbbawQRBRYPR9vDzZNACMy7MrmrPG3fMkvHqSUiUPPD7UnUkacNt9yeHo5ETL7T,null,128076411,1649018651,0.00001,,,,3HDLCsoyLPA8PWcH4D3Vn38ge3RX9KAE2D6qTdAwBeRw,EQHKw3ac368UAQ4wFL8j82nDuV1PQy4tqZu1kDnAT1rR,,,,0.01
system,createAccount,4eAyM4EUzT4Ko5DCQPoUyXY2C8oNCRzBq3orE97wproxtMh3dyXcsA32tfa6KEWy36M7zkWb145v2sHNo4Zz1yyn,null,128073417,1649016795,0.00001,,,,3HDLCsoyLPA8PWcH4D3Vn38ge3RX9KAE2D6qTdAwBeRw,CN5YqkoYG8xefxS2FBi1Pges1YTwauLS4qJD7ubeQAPi,,,,0.01
system,createAccount,2HogUSGs7AakRDs8WVrKJhiPbYjDiuhq7Wn8Bh82BisrpY5MRGYUnmquUiA78b7qTo4rmbnpRkvFE2PE28SCRBde,null,128073210,1649016662,0.00001,,,,3HDLCsoyLPA8PWcH4D3Vn38ge3RX9KAE2D6qTdAwBeRw,5DbYSS691hivfzRiJQrS71P5sJiKCMf91ovYZGR2XyTL,,,,0.01
system,createAccount,5rRVpBeZ9xgb3KGN9MxsWoXrNmAykiftRaurZZGi8jLZ2NPzLNFbBGWEULZRg9evKooLZq3yWQvpaa11Bh4YyNj4,null,128072397,1649016168,0.00001,,,,3HDLCsoyLPA8PWcH4D3Vn38ge3RX9KAE2D6qTdAwBeRw,2oiSs1uZ4iYNu2GgvNMy2yZmtMudoab8n7K53hU1QcgE,,,,0.01
system,createAccount,57JjgQ5mjw4RcvZXa6JXYRxDDn1FJ9W36W5gRujMtNQunfjDu3YjLsCa8963isLAKycr8B9fa18xkEkSRo1GrZVN,null,123033065,1646156166,0.00001,,,,3HDLCsoyLPA8PWcH4D3Vn38ge3RX9KAE2D6qTdAwBeRw,63YsgGbNUn9LbBxYZP27aVm8Ff6xEU8HLnMbypLsR4WN,,,,0.01
system,createAccount,3LD1fBAekHYPgvxahppuJt8vgwmvCS7UGRz8PXahyBsSyNh5JFqDJ3Pg7mC1ZgpDzbNJvXXNHmHn3T6TtWUbHJQn,null,123033121,1646156198,0.00001,,,,3HDLCsoyLPA8PWcH4D3Vn38ge3RX9KAE2D6qTdAwBeRw,AgiTNuKtMWdfddSUHZ9dTKzBRsxeQdVJhw9VfgU6fWDL,,,,0.01
system,createAccount,2PwHjWMpzg1RyM44S3J3UZ6zuYMZZzY97ufwHp32N7c6xh1qUAcYJonx7GJB3NGDZLa8dGQ5kALVEJ65dCRBzVbQ,null,123031960,1646155506,0.00001,,,,3HDLCsoyLPA8PWcH4D3Vn38ge3RX9KAE2D6qTdAwBeRw,7bx1H6YmcoAnX6Q23XmB8wbAvLWCSuT36jVSZmp2dJuR,,,,0.01
system,createAccount,2WqmwhTvuMD9AsehK9N84mMqrowLG8X5Z6YtpfB5SkBcTq16RNhdB5Ega2n2MkZqoTFZN1mjrJQX8YEsvU66WeCc,null,123032154,1646155620,0.00001,,,,3HDLCsoyLPA8PWcH4D3Vn38ge3RX9KAE2D6qTdAwBeRw,5FwJXbcERWA7VJsXFtxeeH6ACB3wcxkV7hPoB3DH1F7i,,,,0.01
system,createAccount,4LTNoU5Fg7tWPkZAJa1qRUUjn6ZjWY13Jq4UbtvAJEcWj4bnaxpgoypgxhrocs1n4efkurWE6TUuvLDAJyYxehL3,null,123032044,1646155555,0.00001,,,,3HDLCsoyLPA8PWcH4D3Vn38ge3RX9KAE2D6qTdAwBeRw,BnrCfwaUcZGCrFuadWkwD6fhDhoaxhqEwL7FrD9fofPJ,,,,0.01
system,createAccount,53Xx3pSHjR41Z6suJhXCBKmPHwd2FaRAHmzBiwYqnf99mQfDbemym92zpLEiKENPpMpjDpNwP1wk6j6BsnDpa4Wj,null,123032089,1646155583,0.00001,,,,3HDLCsoyLPA8PWcH4D3Vn38ge3RX9KAE2D6qTdAwBeRw,BworfZNGH8YrWAEV9tJBbP9YgPfuEgefEWn6zDrhaHFd,,,,0.01
system,createAccount,5VsYUgfzwkck6HqHqS3mmCjM9CLa1bEoMtjwP1AmGKwRyANz8Esay77mvvyztATPqoiCtRRPBSJ1CAD2yRaYajwe,null,123031600,1646155290,0.00001,,,,3HDLCsoyLPA8PWcH4D3Vn38ge3RX9KAE2D6qTdAwBeRw,5Hov8UeFxj8wPhjDLY8H5aUNixErPB7J7jebPhrbS4kF,,,,0.01
system,createAccount,g5VcEMJafPFpwdHipnhf1W9Y3kPTHzjueUCLsH3M6f8pCvPQdLA4sZxYhJMe7xf1818hd5RFfMczK9GyRc9du8b,null,123031917,1646155481,0.00001,,,,3HDLCsoyLPA8PWcH4D3Vn38ge3RX9KAE2D6qTdAwBeRw,ECzGmU15K8isZDyaCh1ipioVTMs8LW26FjKLWUYeDj3J,,,,0.01
system,createAccount,4XHvgEYNgcV4DhDrEZh8g7RZPNXWwAiVPFawH4G5yAzFSMBb2NcW7Hg2BZRWbJD9HC5oKS2JR98rJJ6WU18fnrX9,null,123031258,1646155068,0.00001,,,,3HDLCsoyLPA8PWcH4D3Vn38ge3RX9KAE2D6qTdAwBeRw,2aF2cZTH9ZuC6qv1XPCg9B1ngstct37j8XSVBoD8Qqmj,,,,0.01
system,createAccount,464DZUjdky1g52YwQtK3dbYGDWydryWcAWdEUBa39T5ptEFQs43zaaF1Z6P9KyFaFwdGMt8cw4fAyGHoEy7uxaFR,null,123031130,1646154988,0.00001,,,,3HDLCsoyLPA8PWcH4D3Vn38ge3RX9KAE2D6qTdAwBeRw,8WZyqb3RhkNtyiCUfGDVdHmowRgfo5iC7p971BNeTb7b,,,,0.01
system,createAccount,3YC7YeFtkxttnLEoSLREMjtcgZNWLabuNUs63f68JoQCX5W7xG4EKrEAiHEmrSfKXGR4CS3y3BLYPc5FgCbP5WLn,null,123031193,1646155026,0.00001,,,,3HDLCsoyLPA8PWcH4D3Vn38ge3RX9KAE2D6qTdAwBeRw,3rqtDNzfTgHwk5n3EKxb4Fmaw9mmyeKPn3taXChURQ6e,,,,0.01
system,createAccount,5s6VZUPo4kkTbN4Hv2riu59JjAkUE23whKRK66ZR1rSJ3N8wDxXU32dBy6sDyLqavmCVqvPDJpTmLEB7ZWgvnNAS,null,123031160,1646155005,0.00001,,,,3HDLCsoyLPA8PWcH4D3Vn38ge3RX9KAE2D6qTdAwBeRw,F1SJsEsfYn3kCMwXJYCXNgLis5DmtC9BYFc12hrAWvcY,,,,0.01
system,createAccount,2oUhNZYj9HTxJ7RZzQHGWnr8YThgd445WEJRrKLnkKvkzGrGHREyND4UAqSHG4jekEMGYq6fwfjvc5HLsFERVi4L,null,123031087,1646154959,0.00001,,,,3HDLCsoyLPA8PWcH4D3Vn38ge3RX9KAE2D6qTdAwBeRw,BpjttyUAkDsubpGtfjHCtxwe6U7MuARnwRLRoiicAVx7,,,,0.01
system,createAccount,4KrBpKzszPwevuv6byqKavrNBMaeQVWiccvwafsRoNtiSJkV7VXpb8se1ckJumCCWhM53jVhy8bV5NDdzJuTZSoz,null,123031022,1646154921,0.00001,,,,3HDLCsoyLPA8PWcH4D3Vn38ge3RX9KAE2D6qTdAwBeRw,5ZbWmTWnSntiPvJHBCW7kqwaBMQ1BaBpwPxa9hU3gXQX,,,,0.01
system,createAccount,3XpikPhpsBHp7etPdxE5quEQCtguFKR7f6k36HQLRc3qnSdkgK4YePyRMuQwraRpi7NE6BQyawXmjFUXBt69DHGW,null,123030963,1646154882,0.00001,,,,3HDLCsoyLPA8PWcH4D3Vn38ge3RX9KAE2D6qTdAwBeRw,CAkWYrRFK671hsg8jWRdikEr4A9suZodYzqKM6jcdfSx,,,,0.01
system,createAccount,4yv6FrNBpSg3TxhLphWH3SikJmhp2tpMWiJXkYsdyYzK3yRrDJ3LJmqnghwrM2jGjK8iCVxhB9tP4Mh7AQeD3CPQ,null,123030904,1646154845,0.00001,,,,3HDLCsoyLPA8PWcH4D3Vn38ge3RX9KAE2D6qTdAwBeRw,FKhMMu39N4wGsZu2mf3xwzhys3JjgRE7DAksTWbDRPWA,,,,0.01
system,createAccount,5KPgQ6N2QQ6wGEWQpFL9YdFrytyEwwRyp9RVq6HJLHEsX5pCNNG3LZicyvf3A3bntLn4fPVBk6rtc7v2zvUEMyGu,null,123030438,1646154561,0.00001,,,,3HDLCsoyLPA8PWcH4D3Vn38ge3RX9KAE2D6qTdAwBeRw,DnLFmF2DXKnwZBGmixXFAhjNbthXtPpBsE6Et8B6aDhY,,,,0.01
system,createAccount,3WpysMaYjkDaMLc6KmDHfXZw4suhTModYtDZaJpjsix9oYjQMtfc7CmuoYZPJsPSvAbZWDcgXBJfn9sazMt5Vc5n,null,123030793,1646154783,0.00001,,,,3HDLCsoyLPA8PWcH4D3Vn38ge3RX9KAE2D6qTdAwBeRw,HrnxNnSAEfH1zshzjKzGhBUTCUG96iHefmL1FJ1ABYrN,,,,0.01
system,createAccount,JxhpGdWeC1gtPkx754iATk1zFE4utaBNWqrjKhiFkmwfmxG1yizNwbNyVSqjigjKqf6pYdPhbGfZABCGabzu5pg,null,123030111,1646154362,0.00001,,,,3HDLCsoyLPA8PWcH4D3Vn38ge3RX9KAE2D6qTdAwBeRw,2Zrz6ZfjvyQ6gYr9yM5eSYM4h4366L8HHe7sKWTSLQUM,,,,0.01
system,createAccount,5PYP7NdBV2qUoBL4A71xjLddjGk1xby5FP6VvAkUMGyvpm9TPcsvEHcnw73TY8MBB7nEC6Vk2VaiGkrN3qhrd8Fx,null,123030046,1646154325,0.00001,,,,3HDLCsoyLPA8PWcH4D3Vn38ge3RX9KAE2D6qTdAwBeRw,8xpL48RiWGDNx2VMDp7SgzG9z9RQzdtKv54q9nmCVaPD,,,,0.01
system,createAccount,3RDTmg4QFFWfRvF4p4hw2dnsK1PUG8B1PpAR811VkEqfUzeQySwcZ4Na43JJSQoCz1KQUQQq99AFGHA8SBQfwQRd,null,123029676,1646154102,0.00001,,,,3HDLCsoyLPA8PWcH4D3Vn38ge3RX9KAE2D6qTdAwBeRw,3uDRYwwYoNXc5CAroz1d8Jcx6dpKR6LJmYFHpVJnwW7A,,,,0.01
system,createAccount,5vgB1s3fi6SabYo5CRqUkLvxVg5RAAoTC8egbDqJd6vNpBLzLGWfZAW1fQab1ZVXzLNaU8mDuT5f9cUqxh2L1Pxn,null,123029624,1646154070,0.00001,,,,3HDLCsoyLPA8PWcH4D3Vn38ge3RX9KAE2D6qTdAwBeRw,A8dmVQZf4yjxAqLhQrJBJxzLbsLUfsXwDXcgFQubcE4r,,,,0.01
system,createAccount,5UKfbV3S8bpH8fG6WyUtDPJfZhE2fKqrKqyJhDhhGdgGvi8qoMMPR6NRLBGD9gGKPdYXtyJbKeJzkPQsDzBTG32B,null,118876584,1643739563,0.00001,,,,3HDLCsoyLPA8PWcH4D3Vn38ge3RX9KAE2D6qTdAwBeRw,DAKvUS7eA1XonhZhVrrfDgGzJpqUZEixrSMF8PUBRQm7,,,,0.01
system,createAccount,5YWiT8gDKWLCNTuKxnsZ84C8v2ZHtnr2iuUKyqDs9DrJVVAptY4P3yqhjkWk8xqDvgNwh4oqRnqMeuVta5bQ6Bxn,null,118876542,1643739540,0.00001,,,,3HDLCsoyLPA8PWcH4D3Vn38ge3RX9KAE2D6qTdAwBeRw,7N6qbi3nhRzDLJbmDztU1gJyUs5FaszE9VjsVExA2qgc,,,,0.01
system,createAccount,RPja4b6pFBqkb5xQuyZs947PqxkKxz5wdzy6VbAK2yGv1wfx1dbLkR42fRmVXdm7JWDKHrrTQoLMmmeiE5JyxKn,null,118876495,1643739509,0.00001,,,,3HDLCsoyLPA8PWcH4D3Vn38ge3RX9KAE2D6qTdAwBeRw,7MAkLRWA2dvfPMApXpmd1xjRwYGxAqFF8rZC65sJ4Yv9,,,,0.01
system,createAccount,2RsWe6sgsaZkoRkBBfVLtAThgcGWxdBAJWrseydU3hdRJhSHXzrxvspp4s4C1NHcjb4XLQBeAs7x2G6HN6jW3owo,null,118876441,1643739481,0.00001,,,,3HDLCsoyLPA8PWcH4D3Vn38ge3RX9KAE2D6qTdAwBeRw,72B6uc1mxbT6a55p58iSywHKf1oaod5m61cCwLkH9LN1,,,,0.01
system,createAccount,3cguFXw1rf8bTNcx5Bf85i82evW9n7v5fBP271J8uc4WBD5c4wa1Ttpvc7tvbTDvr96C2wcHTQPhxSE8wMpasL5s,null,118876395,1643739456,0.00001,,,,3HDLCsoyLPA8PWcH4D3Vn38ge3RX9KAE2D6qTdAwBeRw,6B1LkTfNUrL8ZVPD2WgkF2U7bZAgRsi7jBMyCVi3Btpf,,,,0.01
system,createAccount,5vkm3U7sUKxptyUEEnpzLvsSVbYUJoJiXDrohZG3E8cKdtBQKU7qmbQAHK4UGEAz4fenPDw2AmXYWxYzdcLDzwrN,null,118876340,1643739426,0.00001,,,,3HDLCsoyLPA8PWcH4D3Vn38ge3RX9KAE2D6qTdAwBeRw,8SrLKooeFWBuCQG4GrpdXeEYbX6MX6PGu9zprbB7Dcnr,,,,0.01
system,createAccount,3cBNZVUirsPT9e6DYSLYQwAoAgLa7QmENvNwKewkc39NgR4thvSFShduoE9tNFcBkLYi4nbAQyjFgPUs3Z5VCEw4,null,118876242,1643739375,0.00001,,,,3HDLCsoyLPA8PWcH4D3Vn38ge3RX9KAE2D6qTdAwBeRw,D93q9aNjfy6zDFJeUfdW6msMw6Kpm9e824rcFPALvpfE,,,,0.01
system,createAccount,3xXnVP2pDngtVHaJ8CDEpAgUbo9YwGDs6WYtEXo1yy7VQojo1CvVeCGFiFrFj8ThBukQfjyXZAsnzXkXqMiMoiQ5,null,118876285,1643739398,0.00001,,,,3HDLCsoyLPA8PWcH4D3Vn38ge3RX9KAE2D6qTdAwBeRw,5bpBoPo2ZEsUUNbe729zk3QjmjZsNDfE5CjYb9QvMQoQ,,,,0.01
system,createAccount,3DuHB5RpT4QExa1yRZGWU2RG6gexyBGSQqtkpC2hB3yAsp6ekYSKiNtLWpBhomgF9tMrfZ44NG7TJPMhpPRnjY6i,null,118876180,1643739339,0.00001,,,,3HDLCsoyLPA8PWcH4D3Vn38ge3RX9KAE2D6qTdAwBeRw,FCGTrXTbv1BRkwhRgb4omphvwGiQD3RH6sbMMQL27NUL,,,,0.01
system,createAccount,24arh38RuDZHknXQfPzownsCYh5su4ZqcMdu4GHPLvdipbsGKWzoEp55Qk4hL7ZKt4pJMC2FXJWLsGiPArq3V6cX,null,118876133,1643739314,0.00001,,,,3HDLCsoyLPA8PWcH4D3Vn38ge3RX9KAE2D6qTdAwBeRw,4WXLKGB2tFpL9GLyrcPqjxND6mCZbkxU6iYDCER5Mv7w,,,,0.01
system,createAccount,28gfFypNiRVQEYbMTXzCjfME7ehdJvmGQxRPcyArNPDYQURcy4yJdgr9iED3kmUYUipwqoF4AkFU9DU1TA4GQmd7,null,118876084,1643739285,0.00001,,,,3HDLCsoyLPA8PWcH4D3Vn38ge3RX9KAE2D6qTdAwBeRw,5BTdKWo4UhQ47D6eRcAeEzJXjryAupcvKNHDk2CcKMcg,,,,0.01
system,createAccount,456v64RuTF47adKoSnvmm1gbfr3svf67gjwg3KgxogLXn3DWYMzYCbJNEpDVzbwJKibLVun6PCS2LMioWjE6dps3,null,118876038,1643739256,0.00001,,,,3HDLCsoyLPA8PWcH4D3Vn38ge3RX9KAE2D6qTdAwBeRw,Hd7WjM3Lvnx6EWEa5uYQqNSD1zHqLZefDq9nR6P1tMoh,,,,0.01
system,createAccount,8nmd2V2x2rcCbQP2h3Tp5AVoA8e5Nxy1rXNecC8B23ZxBUjxhM4EuLZ4chZ7zPCNLn82UihhJxRgGQFuWxAKgLz,null,118875956,1643739205,0.00001,,,,3HDLCsoyLPA8PWcH4D3Vn38ge3RX9KAE2D6qTdAwBeRw,DAXjoRcfARGohrHABFyngVzZTZcqhfyfiS8FfC9akw5q,,,,0.01
system,createAccount,33ypwvGJhBXH4YkzFuz4GFdowWCFGtUUq2zLDpXKSZfDZtAFQ68LgopoDda5UdA91Gpg5v2mRkJhQTtYrtdbjH2c,null,118875852,1643739147,0.00001,,,,3HDLCsoyLPA8PWcH4D3Vn38ge3RX9KAE2D6qTdAwBeRw,8Mr3tpQkqkhWXoPmagfyYDLCyDSue3J1izeF5a1shHyA,,,,0.01
system,createAccount,51KgJ62mxmdtsb562Y6sQvP9Pq1KczNgC5Q6ow2r41yTgkn4sjWVu1W7HwAJ16MtTNoZzvnog2p823ZpEF1MAZ9C,null,118875909,1643739179,0.00001,,,,3HDLCsoyLPA8PWcH4D3Vn38ge3RX9KAE2D6qTdAwBeRw,BbVEPnxgcPTaKAmd9eyuZs5n9Md3TrtzE3osb6R2LqGT,,,,0.01
system,createAccount,3mvLALgdnMTZA4DKTYhqbVWe4QssfGY4LCmxEKW8YoabPqd8JyN68ZpYBX9wi715v4VWnE214NEfZS4FZnjr93z7,null,118875803,1643739121,0.00001,,,,3HDLCsoyLPA8PWcH4D3Vn38ge3RX9KAE2D6qTdAwBeRw,Bwejy3dYitAyZhT54ESdWYaaXSN5d3xVF2zaYP5QowMt,,,,0.01
system,createAccount,2kAjA33VmqZrave7nvWrULQP2PrZp7EcbWn7X9PU3TCzkuNrWxxHmwbiQDP7kyQm2dBmPupKnBBJFfD5EwXAN7Ro,null,118875742,1643739086,0.00001,,,,3HDLCsoyLPA8PWcH4D3Vn38ge3RX9KAE2D6qTdAwBeRw,MHcMiHzhX2WdZ7mFZZsyQyUtpk4AJoCphkFQDARosDQ,,,,0.01
system,createAccount,58Vt6tiTJwkV97NnfhFnsXGeNXPEVpPLA3rGSyXqGZY9Q3PwXCALR3uUvZKdoGNP25RY1vRfoVmm6FXN8jLHPLce,null,118875625,1643739019,0.00001,,,,3HDLCsoyLPA8PWcH4D3Vn38ge3RX9KAE2D6qTdAwBeRw,Ec21YbzavTWn62pceh2w8oB5FGYbBAsajMEiLVia2QVR,,,,0.01
system,createAccount,BGJJNNixyBkN9Y2GYUS4kCHup7X3Xdrns8b5ATDabhsPrDxQRU3SJZLYTiy67A9CSW2qPTGn93vHLjMWm9neYaa,null,118875682,1643739051,0.00001,,,,3HDLCsoyLPA8PWcH4D3Vn38ge3RX9KAE2D6qTdAwBeRw,G7n28b5DE78537mvXW9jS6tiG8umKNndHtG8G8Xj2vyh,,,,0.01
system,createAccount,5G7GbCpZnggvCVoWZBLZWEkwyyqEN4G6GsQYQUsLspYoPkLdUyPCgP7c7rW1DrrfPJs14MhgEdms8pWvHUxHe8mo,null,118875570,1643738985,0.00001,,,,3HDLCsoyLPA8PWcH4D3Vn38ge3RX9KAE2D6qTdAwBeRw,E7kypBVESXb6rBth1np8vRpBNXnWZMvAVEGQPJG3xSgo,,,,0.01
system,createAccount,5j5zroP3zRMGNbcuv62Qd2pggY1oqzxUaFpacjMJ1jYDQvaaQx1nBjcZWxZjX2xRVJpDZsQisjdmkxMNDxUXghu1,null,118875497,1643738942,0.00001,,,,3HDLCsoyLPA8PWcH4D3Vn38ge3RX9KAE2D6qTdAwBeRw,5ute2RaohbQGo6RCiCKyd27p3ww4jihxNryxPvL186y,,,,0.01
system,createAccount,nLtmAG4DckG9ArnvCHc24ee1KXYH2hDkbQbrALqE876ftFG29sxZeP3H7Qr4xY6oANkotnCoD34GgUHVbd5KLZ6,null,118875423,1643738897,0.00001,,,,3HDLCsoyLPA8PWcH4D3Vn38ge3RX9KAE2D6qTdAwBeRw,APNM9h8PpCzE96JBVjPkaf6Kt7UHVxnSNkE4Ts5kyJPC,,,,0.01
